Brand Name,Website,Country,source
05-studio,the05studio.com,United Kingdom,FU
1979 SWIMWEAR,1-9-7-9.com,Germany,FU
209 MARE,209mare.com,France,FU
24colours,24colours.de,Germany,FU
A Piece of Chic,a-piece-of-chic.com,France,FU
ASCENO,asceno.com,United Kingdom,FU
AYA LABEL,ayalabel.com,Netherlands,FU
Aelia Anna,aeliaanna.com,Greece,FU
Agent Provocateur,agentprovocateur.com,United Kingdom,FU
Agnes B France,agnesb.fr,France,FU
Alberta Ferretti,albertaferretti.com,Italy,FU
Alcott,alcott.eu,Italy,FU
Alexander McQueen,alexandermcqueen.com,United Kingdom,FU
Alto Milano,altomilano.it,Italy,FU
Ame Balance,amebalance.com,Netherlands,FU
Antony Morato,morato.it,Italy,FU
Armani Exchange,armaniexchange.com,Italy,FU
Arthur,boutique-arthur.com,France,FU
Aubade Paris,aubadepro.com,France,FU
BLAKE SEVEN,blake-seven.com,Netherlands,FU
Badawii Beachwear,badawiibeachwear.com,Spain,FU
Balibaris,balibaris.com,France,FU
Bamboo Basics,bamboobasics.com,Netherlands,FU
Banana Moon,bananamoon.com,Belgium,FU
Becksöndergaard,becksondergaard.com,Denmark,FU
Beeren Bodywear,beerenondergoed.nl,Netherlands,FU
Befeni,befeni.com,Germany,FU
Beliza,beliza.fr,France,FU
Bellerose,bellerose.com,Belgium,FU
Bellfield Clothing,bellfieldclothing.com,United Kingdom,FU
Ben Sherman,bensherman.com,United Kingdom,FU
Benibeca,benibeca.com,Spain,FU
Bernard Homme,bernardhomme.com,Netherlands,FU
Billet Doux Lingerie,billetdoux.com,France,FU
Björn Borg,bjornborg.com,Sweden,FU
Blancheporte,blancheporte.fr,France,FU
BlueBella,bluebella.com,United Kingdom,FU
Boob,boobdesign.com,Sweden,FU
Bora-bora,bora-bora.es,Spain,FU
Bruce Field,brucefield.com,France,FU
Brunotti,brunotti.com,Netherlands,FU
Burton of London,burton.fr,France,FU
CARANDO,carando.es,Spain,FU
CMP,cmpsport.com,Italy,FU
CYCLEUR de LUXE,cycleurdeluxe.com,Belgium,FU
CYELL,cyell.com,Netherlands,FU
Cache Coeur,cachecoeurlingerie.com,France,FU
Calvin Klein,calvinklein.com,Netherlands,FU
Carriwell,carriwell.com,Denmark,FU
Casual Friday,casual-friday.eu,Denmark,FU
Catimini,catimini.com,France,FU
Champion,championstore.com,Italy,FU
Chantelle,chantelle.com,France,FU
Charles Tyrwhitt,ctshirts.com,United Kingdom,FU
Chelsea Peers,chelseapeersnyc.com,United Kingdom,FU
Chiemsee,chiemsee.com,Germany,FU
Clean Cut Copenhagen,cleancutcopenhagen.com,Denmark,FU
Club L London,clubllondon.com,United Kingdom,FU
Colourful Rebel,colourfulrebel.com,Netherlands,FU
Comazo,comazo.de,Germany,FU
Crew Clothing Company,crewclothing.co.uk,UK,FU
Cruyff,cruyff.com,Netherlands,FU
Curvy Kate,curvykate.com,United Kingdom,FU
Cybèle,cybele-lingerie.de,Germany,FU
D O R I N A,dorina.com,Germany,FU
DYNAFIT,dynafit.com,Italy,FU
Damart,damart.fr,France,FU
Danefæ,danefae.dk,Denmark,FU
Daquïni,daquini.com,Germany,FU
Darjeeling,darjeeling.fr,France,FU
David Gandy Wellwear,davidgandywellwear.com,United Kingdom,FU
Dedicated,dedicatedbrand.com,Sweden,FU
Deeluxe,deeluxe.fr,France,FU
Devoted By Zizzi,zizzi.dk,Denmark,FU
Dolce & Gabbana,dolcegabbana.com,Italy,FU
Don John,danjohn.com,Italy,FU
Dora Larsen,doralarsen.com,United Kingdom,FU
Dorothy Perkins,dorothyperkins.com,United Kingdom,FU
Dstrezzed,dstrezzed.com,The Netherlands,FU
Du Pareil au même,en.dpam.com,France,FU
Dunderdon,dunderdon.com,Sweden,FU
ELFS,elfs.hr,Croatia,FU
ETERNA,eterna.de,Germany,FU
Eat Dust,eatdustclothing.com,Belgium,FU
Eden Park,eden-park.com,France,FU
Eivy,eivyclothing.com,Sweden,FU
Enable the Label,enablethelabel.com,Netherlands,FU
Envie de Fraise,enviedefraise.com,France,FU
Envii,envii.com,Denmark,FU
Escora,escora-dessous.de,Germany,FU
Essentiel Antwerp,essentiel.be,Belgium,FU
Eudoxie,eudoxie.shop,France,FU
FALKE,falke.com,Germany,FU
Farah,farah.co.uk,UK,FU
Farai London,farailondon.com,United Kingdom,FU
Femilet,femilet.dk,France,FU
Fiorucci,fiorucci.com,Italy,FU
Firetrap,firetrap.com,United Kingdom,FU
Fred & Ginger NV,fredginger.com,Belgium,FU
Fred Mello,fredmello.it,Italy,FU
Freya,freyalingerie.com,United Kingdom,FU
GANT,gant.com,Sweden,FU
GINA LAURA,gina-laura.com,Germany,FU
GRIMEY,grimeywear.com,Spain,FU
Gallo,theartofgallo.it,Italy,FU
Globe,globebrand.com,France,FU
Glorious Gangsta,gloriousgangsta.com,United Kingdom,FU
Golden Equation,goldenequation.co.uk,UK,FU
Good For Nothing,gfnclothing.com,United Kingdom,FU
HANS PLOENES GmbH,jploenes.de,Germany,FU
HAPPY SHORTS,happyshorts.com,Germany,FU
HEAD Sport,head.com,Austria,FU
HOBBS,hobbs.com,United Kingdom,FU
HOSBJERG,hosbjerg.com,Denmark,FU
Heatkeeper,heatkeeper.nl,Netherlands,FU
Heimat,heimat-textil.com,United Kingdom,FU
Helly Hansen,hellyhansen.com,Germany,FU
Holzweiler,holzweiler.no,Norway,FU
Houdini,houdinisportswear.com,Sweden,FU
Hudson,hudson-shop.com,Germany,FU
Hugo Boss,hugoboss.com,Germany,FU
Hunter Boots,hunterboots.com,United Kingdom,FU
Hunter ORIGINAL,hunterboots.com,United Kingdom,FU
Hust & Claire,hustandclaire.com,Denmark,FU
INASKA,inaska-swimwear.com,Germany,FU
ION,ion-products.com,Germany,FU
IRIEDAILY,iriedaily.de,Germany,FU
ITEM m6,item-m6.com,Germany,FU
IVY OAK,ivy-oak.com,Germany,FU
IZAC,izac.fr,France,FU
Icebreaker,icebreaker.com,France,FU
Icepeak,icepeak.fi,Finland,FU
InWear,inwear.com,Denmark,FU
Inouitoosh,inouitoosh.com,France,FU
Invicta,invicta.it,Italy,FU
JAKO,jakosportkleding.nl,Netherlands,FU
JOOP!,joop.com,Germany,FU
JUST female,justfemale.dk,Denmark,FU
Jack&Jones,jackjones.com,Netherlands,FU
Jacquemus,jacquemus.fr,France,FU
Jaded London,jadedldn.com,United Kingdom,FU
Joules,joules.com,United Kingdom,FU
Joyce & Girls,joyceandgirls.com,Switzerland,FU
Just Junkies,justjunkies.eu,Denmark,FU
KABAK,kabak.com.pl,Poland,FU
KAI AND KOA,kaikoaworld.com,Spain,FU
KORA MIKINO,koramikino.eu,Germany,FU
KUNERT,kunert.de,Germany,FU
Kanjers,kanjerskinderkleding.nl,The Netherlands,FU
Karko,2karko.com,Poland,FU
Kujten,kujten.com,France,FU
LA COME DI,lacomedi.com,Italy,FU
LIDEA,lidea.de,Germany,FU
LION OF PORCHES,lionofporches.com,Portugal,FU
LOU Lingerie,lou-lingerie.fr,France,FU
LOVE BRAND & Co.,lovebrand.com,United Kingdom,FU
La Perla,laperla.com,Germany,FU
Lacoste,lacoste.com,,FU
Lafuma,lafuma.com,France,FU
Laundry Industry,laundryindustry.com,Netherlands,FU
Le Slip Français,leslipfrancais.fr,France,FU
Lemon Beret,lemonberet.fashion,Belgium,FU
Lentiggini,lentiggini-swim.com,Netherlands,FU
Leon & Harper,leonandharper.com,France,FU
Les Soeurs,lessoeurs.be,Belgium,FU
Les girls Les boys,lesgirlslesboys.com,United Kingdom,FU
Liefling,mouwlengte7.com,Netherlands,FU
Like FLO,flo.nl,Netherlands,FU
LingaDore,lingadore.nl,Netherlands,FU
Lise Charmel,lisecharmel.com,France,FU
Livera,livera.nl,France,FU
Louisa Bracq,louisabracq.com,France,FU
Louise Misha,louisemisha.com,France,FU
Lovable,lovable.it,Italy,FU
Love Stories,lovestoriesintimates.com,Netherlands,FU
Lovechild 1979,lovechild1979.com,Denmark,FU
Lovjoi,lovjoi.com,Germany,FU
Lowa,lowa.nl,Netherlands,FU
Ludique,ludiqueshop.com,Sweden,FU
Luke 1977,luke1977.com,United Kingdom,FU
Lyle & Scott Scotland,lyleandscott.com,United Kingdom,FU
MAISONLEJABY,maisonlejaby.com,France,FU
MERCHCODE,urban-classics.net,Germany,FU
MINI A TURE,miniature.com,Denmark,FU
MISTER TEE,urban-classics.net,Germany,FU
MONK & ANNA,monkandanna.com,Netherlands,FU
MSGM,msgm.it,Italy,FU
MUJI,mujionline.eu,Germany,FU
Mackintosh,mackintosh.com,United Kingdom,FU
Mads Nørgaard,madsnorgaard.com,Denmark,FU
Maiyo,maiyo.co.uk,UK,FU
Mango,mango.com,Spain,FU
Marimekko,marimekko.com,Finland,FU
Marlies Dekkers,marliesdekkers.com,Netherlands,FU
Maryan Mehlhorn,maryanmehlhorn.com,Germany,FU
Merz b. Schwanen,merzbschwanen.com,Germany,FU
Metissier,metissier.com,France,FU
Mila beachwear,mila-beach.com,Netherlands,FU
Minelli,minelli.fr,France,FU
Mint Velvet,mintvelvet.co.uk,UK,FU
Modström,modstrom.com,Denmark,FU
Molo A/S - Headquarters,molo.com,Denmark,FU
Monsieur TSHIRT,monsieurtshirt.com,France,FU
Moustard,moustard.co.uk,UK,FU
Muchachomalo,muchachomalo.com,Netherlands,FU
My Rina,myrinaworld.com,Spain,FU
NATURANA,naturana.com,Germany,FU
NEW girl ORDER,newgirlorder.co.uk,UK,FU
NIKBEN,nikben.com,Sweden,FU
NON COMMUN,noncommun.com,France,FU
NZA New Zealand,nzanewzealand.com,Netherlands,FU
Napo,napo-shop.de,Germany,FU
Nice Things,nicethingspalomas.com,Spain,FU
North 56°4,north56-4.com,Denmark,FU
North Sails,webstore.northsails.com,Italy,FU
Nué,nue-studio.com,Ukraine,FU
Nénés,nenes-paris.com,France,FU
O'Neill,oneill.com,Netherlands,FU
OLYMP,olymp.com,Germany,FU
Oceanus,oceanusswimwear.com,United Kingdom,FU
Olly Lingerie,olly-lingerie.com,France,FU
Olow,olow.fr,France,FU
Outland,outland-wear.fr,France,FU
Oysho,oysho.com,Spain,FU
PEREGRINE,peregrineclothing.co.uk,UK,FU
PROMISS,promiss.nl,Belgium,FU
PUMA,puma.com,Germany,FU
Pamela Mann Ltd,pamelamann.co.uk,UK,FU
Pied de Biche,en.pieddebiche-paris.com,France,FU
Pierre Robert,pierrerobert.no,Norway,FU
PrimaDonna,primadonna.com,Italy,FU
Pussy Deluxe,napo-shop.de,Germany,FU
Quiksilver,quiksilver.com,France,FU
ROSEANNA,roseanna.fr,France,FU
Reebok,reebok.nl,Netherlands,FU
RefrigiWear,refrigiwear.it,Italy,FU
Rip Curl,ripcurl.com,France,FU
Rougegorge,rougegorge.com,France,FU
Roxy,roxy.com,Netherlands,FU
Royce Lingerie,royce-lingerie.co.uk,UK,FU
Résumés,resumecph.dk,Netherlands,FU
Röhnisch,rohnisch.com,Netherlands,FU
SEA’SONS official,seasonsofficial.com,Netherlands,FU
SINNERS ATTIRE,sinnersattire.com,United Kingdom,FU
SNURK,snurkamsterdam.com,Netherlands,FU
STORM & MARIE,stormandmarie.com,Denmark,FU
Sail Racing,sailracing.com,Sweden,FU
Saint James,saint-james.com,France,FU
Sanetta,sanetta.de,Germany,FU
Sans Complexe Lingerie,sanscomplexe.com,France,FU
Schiesser,schiesser.com,Germany,FU
Schott NYC Europe,schott-store.com,Europe,FU
Sea Ranch,searanch.dk,Denmark,FU
Sense Organics,sense-organics.com,Germany,FU
Sessùn,sessun.com,France,FU
Sezane,sezane.com,France,FU
Sheego,sheego.de,Germany,FU
Shiwi,shiwi.com,Netherlands,FU
Sidas,sidas.com,France,FU
Sixton London,sixton.london,United Kingdom,FU
Skiny,skiny.com,Austria,FU
Sloggi,sloggi.com,Switzerland,FU
Smitten Organic,smittenorganic.com,Netherlands,FU
Småfolk,smafolk.dk,Denmark,FU
Sneaky Fox,mpdenmark.espresso4.dk,Denmark,FU
Sock My Feet,sockmyfeet.com,Netherlands,FU
Sockshouse,sockshouse.nl,Netherlands,FU
Soeur France,soeur.fr,France,FU
Soft Gallery,softgallery.dk,Denmark,FU
Solid,solidmen.com,Denmark,FU
South Beach,southbeachofficial.com,United Kingdom,FU
Speedo,speedo.com,United Kingdom,FU
Stella McCartney,stellamccartney.com,United Kingdom,FU
Stripe + Stare,stripeandstare.com,United Kingdom,FU
Tartine et Chocolat,tartine-et-chocolat.com,France,FU
Ted Baker,tedbaker.com,United Kingdom,FU
The Animals Observatory,theanimalsobservatory.com,Spain,FU
The GoodPeople,thegoodpeople.com,Netherlands,FU
The Short,theshortofficial.com,Netherlands,FU
Thinking MU,thinkingmu.com,Spain,FU
Tom Tailor,tom-tailor.com,Germany,FU
Tommy Hilfiger,tommy.com,Netherlands,FU
Too Hot To Hide,toohottohide.de,Germany,FU
Topaz Boutique Swim,topazluxe.com,UK,FU
Triumph,triumph.com,France,FU
Tutti Rouge,tuttirouge.com,United Kingdom,FU
UNIQUE 21,unique21.com,United Kingdom,FU
Ulla Popken,popken.de,Germany,FU
Underprotection,underprotection.eu,Denmark,FU
Understatement,shopunderstatement.com,Sweden,FU
Undress Code,undress-code.com,Poland,FU
Untouched Underwear,untouchedunderwear.com,Netherlands,FU
VIVE MARIA,vivemaria.de,Germany,FU
Vanguard,vanguard-clothing.com,Netherlands,FU
Versace,versace.com,Italy,FU
Via di Gioia,viadigioia.nl,Netherlands,FU
Viktor & Rolf,viktor-rolf.com,Netherlands,FU
Vilebrequin,vilebrequin.com,France,FU
WALLIEN,wallien.com,Netherlands,FU
WAUW CAPOW,wauwcapow.com,Denmark,FU
WORON,woronstore.com,Denmark,FU
WRSTBHVR,worst-behavior.com,Germany,FU
Watercult,watercult.com,Germany,FU
We Are the Superlative Conspiracy [WeSC],wesc.com,Sweden,FU
Weird Fish,weirdfish.co.uk,UK,FU
White Stuff,whitestuff.com,Netherlands,FU
Wolford,wolford.com,Austria,FU
X-Socks,xsocks.nl,Netherlands,FU
XPOOOS,xpooos.com,Netherlands,FU
Y.A.S,y-a-s.com,Denmark,FU
Yoga Searcher,yogasearcher.com,France,FU
Ysé,yse-paris.com,France,FU
Zadig & Voltaire,zadigetvoltaire.com,France,FU
Zilch,zilch.nl,Netherlands,FU
Zoe Leggings,zoeleggings.com,Croatia,FU
Zumo,zumo-international.com,Netherlands,FU
a-dam,a-dam.com,Netherlands,FU
all-skin-wear,allskinwear.com,Spain,FU
american-vintage-hq-europe,nl.americanvintage-store.com,France,FU
anita,anita.com,United Kingdom,FU
annadiva,annadiva.nl,Netherlands,FU
bik-bok,bikbok.com,Norway,FU
bikkembergs,bikkembergs.com,Italy,FU
boux-avenue,bouxavenue.com,United Kingdom,FU
bric-a-brac,bric-a-brac.se,Sweden,FU
bruno banani,brunobanani.com,Germany,FU
cabaia-cabaia,cabaia.fr,France,FU
calida,calida.com,Germany,FU
casall,casall.com,Sweden,FU
ceceba,ceceba.com,Germany,FU
celio,celio.com,France,FU
chantal-thomass,chantelle.com,France,FU
cosmogonie-paris,cosmogonieparis.com,France,FU
craghoppers,craghoppers.com,United Kingdom,FU
danae-kurvers-trans-missie-trans-missie,trans-missie.nl,The Netrherlands,FU
drykorn,drykorn.com,Germany,FU
ebbe,ebbekids.com,Sweden,FU
engelvaart-bodywear-rj-bodywear-beeren-bodywear,rjbodywear.com,Netherlands,FU
erve-shop,erve.shop,Belgium,FU
esprit,esprit.com,Germany,FU
fantasie,fantasie.com,United Kingdom,FU
figaret,figaret.com,France,FU
filippa-k,filippa-k.com,Sweden,FU
frank-dandy,frankdandy.com,Sweden,FU
ginatricot,ginatricot.com,Germany,FU
gossard,gossard.com,United Kingdom,FU
gotzburg,goetzburg.com,Germany,FU
happysocks,happysocks.com,Sweden,FU
hesper-fox,hesperfox.com,United Kingdom,FU
huf,hufworldwide.eu,United Kingdom,FU
hummel-fashion,hummelfashion.com,Denmark,FU
iron-heart,ironheart.co.uk,UK,FU
jockey,jockey.de,Germany,FU
karl-rieker-gmbh-and-co-kg,karl-rieker-online-shop.de,Germany,FU
ldnr,lndr.uk,UK,FU
le-petit-trou,le-petit-trou.com,Poland,FU
livy,int.li-vy.com,France,FU
loeffler,loeffler.at,Austria,FU
lousy-livin-underwear,lousylivin.com,Germany,FU
maison-close,maison-close.com,France,FU
marcmarcs,marcmarcs.com,Netherlands,FU
mey,mey.com,Germany,FU
millet,millet-mountain.com,France,FU
missguided-ltd,missguided.co.uk,UK,FU
moost-wanted,moostwanted.com,Netherlands,FU
morotai,morotai.de,Germany,FU
nicce,nicceclothing.com,United Kingdom,FU
occidente,occidente.fr,France,FU
odlo-sports-gmbh,odlo.com,Germany,FU
organic basics,organicbasics.com,Denmark,FU
people-tree,peopletree.co.uk,UK,FU
pinned-by-k,pinnedbyk.com,Netherlands,FU
playful-promises,playfulpromises.com,United Kingdom,FU
positive-outlook-clothing,positiveoutlookclothing.com,United Kingdom,FU
pour-moi,pourmoi.co.uk,UK,FU
pretty-polly,prettypolly.co.uk,UK,FU
rondorff,rondorff.com,France,FU
sa-simone-perele-sa,simone-perele.com,France,FU
sapph,sapph.com,Netherlands,FU
sarl-soditex-armor-lux,armorlux.com,France,FU
sas-bonton,bonton.fr,France,FU
sunspel,sunspel.com,United Kingdom,FU
superrebel,superrebel.com,Netherlands,FU
ten-cate,tencate1952.com,Netherlands,FU
tiffosi,tiffosi.com,Portugal,FU
triaction,triumph-jo.com,Germany,FU
twist-and-tango,twisttango.com,Sweden,FU
undiz,undiz.com,France,FU
vertere,vertere-berlin.com,Germany,FU
von Jungfeld,jungfeld.com,Germany,FU
wahts,wahts.com,Netherlands,FU
why-not-brand,whynotbrand.com,Italy,FU
wolf-and-whistle,wolfandwhistle.co.uk,UK,FU
wolflingerie,wolflingerie.com,France,FU
ymc-you-must-create,youmustcreate.com,United Kingdom,FU
A.F.S. INTERNATIONAL,afs-international.it,IT,Supreme Body & Beach
AGENTUR DENARIO / HARIS COTTON,denario.de,DE,Supreme Body & Beach
AGENTUR LUCIA TROMMER,agentur-lucia-trommer.de,DE,Supreme Body & Beach
ANITA DR. HELBIG GMBH,anita.com,DE,Supreme Body & Beach
APPAREL PARTNERS INT. GMBH,miss-perfect.shop,DE,Supreme Body & Beach
BROD STYL INTERNATIONAL,just-eve.de,FR,Supreme Body & Beach
CARL ROSS GMBH & CO. KG,carlross.de,DE,Supreme Body & Beach
CHANTELLE LINGERIE GMBH,group.chantellelingerie.com,DE,Supreme Body & Beach
CREATION MEDITERRANEE,paindesucre.com,FR,Supreme Body & Beach
CREAZIONI ETHEL S.R.L.,ethel.it,IT,Supreme Body & Beach
DIE WÄSCHEMACHER GMBH,waeschemacher.de,DE,Supreme Body & Beach
DNUD SARL,d-nu-d.com,FR,Supreme Body & Beach
DOLORES FONT CORTÉS S.A.,dolores-cortes.com,ES,Supreme Body & Beach
EMPREINTE GMBH,empreinte.eu,DE,Supreme Body & Beach
EVA B. BITZER GMBH,evabitzersilk.com,DE,Supreme Body & Beach
FLAVIA VALENTINI ROMA,flaviavalentini.com,IT,Supreme Body & Beach
FURSTENBERG,furstenberg-fashion.de,DE,Supreme Body & Beach
GABRIELA STRANKA,b2b-fashiondreams.com,AT,Supreme Body & Beach
GATTINA,gattina.de,DE,Supreme Body & Beach
GERMAN BRANCH,armani.com,DE,Supreme Body & Beach
GUASCH HERMANOS SL,redpointbeachwear.com,ES,Supreme Body & Beach
GUESS DEUTSCHLAND GMBH,guess.com,DE,Supreme Body & Beach
HANRO DEUTSCHLAND GMBH,hanro.com,DE,Supreme Body & Beach
HAPPY UNDIES (VIVACQUA OHG),happy-undies.com,DE,Supreme Body & Beach
IKONO,ikon-o.com,BE,Supreme Body & Beach
ILSE JACOBSEN HORNBAEK GMBH,ilsejacobsen.com,DE,Supreme Body & Beach
JETS AUSTRALIA,seafolly.com,NL,Supreme Body & Beach
LASCANA OTTO GMBH & CO. KG,lascana.de,DE,Supreme Body & Beach
LORENZ PORT,lorenzport.de,DE,Supreme Body & Beach
LOUIS & LOUISA GMBH,louis-louisa.de,DE,Supreme Body & Beach
LOUISA BRACQ SAS PBSE,loiusaracq.com,FR,Supreme Body & Beach
MAGIC BODYFASHION,magicbodyfashion.com,NL,Supreme Body & Beach
MAGLIFICIO PO SRL,oscalito.it,IT,Supreme Body & Beach
MARC & ANDRE,marcandandre.com,DE,Supreme Body & Beach
MEDI GMBH & CO. KG,item-m6.com,DE,Supreme Body & Beach
MEY GMBH & CO. KG,mey.com,DE,Supreme Body & Beach
MOOILO,mooilo.de,DE,Supreme Body & Beach
MORITZ HENDEL & SÖHNE,mydacapo.de,DE,Supreme Body & Beach
MT TRADE MARK GMBH,mt-trade-mark.com,DE,Supreme Body & Beach
MYJAMA,myjama.de,DE,Supreme Body & Beach
NATURANA DÖLKER GMBH & CO. KG,naturana.com,DE,Supreme Body & Beach
NINA VON C.,ninavonc.de,DE,Supreme Body & Beach
PANACHE LINGERIE LTD,panache-lingerie.com,GB,Supreme Body & Beach
PARISSIME GMBH,lisecharmel.com,DE,Supreme Body & Beach
PASSIONATA / CCT GROUP,teufl.cc,DE,Supreme Body & Beach
PIP STUDIO,newedition.nl,NL,Supreme Body & Beach
RENDL SWIMWEAR,rendl.com,AT,Supreme Body & Beach
ROIDAL S.L.,roidal.com,ES,Supreme Body & Beach
RÖSCH FASHION GMBH & CO. KG,roesch-fashion.de,DE,Supreme Body & Beach
SASSA MODE GMBH,sassemode.com,DE,Supreme Body & Beach
SCS - FINESSE GMBH,scs-finesse.de,DE,Supreme Body & Beach
SIMONE HERRERA,simone-herrera.com,ES,Supreme Body & Beach
SKINY BODYWEAR,hom.com,DE,Supreme Body & Beach
SPEIDEL GMBH,speidelshop.com,DE,Supreme Body & Beach
SUNDAY IN BED,sundayinbed.de,DE,Supreme Body & Beach
UNITED LEGWEAR & APPAREL,unitedlegwear.com,NL,Supreme Body & Beach
VALERIE EPPLE,valdazur.de,DE,Supreme Body & Beach
VERTRIEBS GMBH,ulla.de,DE,Supreme Body & Beach
VERTRIEBS GMBH,vossen.com,DE,Supreme Body & Beach
WACOAL EUROPE,wacoal-europe.com,FR,Supreme Body & Beach
WERNER STECK,lascana.de,DE,Supreme Body & Beach
ZETEX BODY FAVOURITES,zetex.nl,NL,Supreme Body & Beach
ZIMMERLI TEXTIL AG,zimmerli.com,CH,Supreme Body & Beach
21 MARS,21mars.com,France,Salon
ACQUADICOCCO,acquadicocco.com,Italy,Salon
ANITA ACTIVE,anita.com,Germany,Salon
ANITA CARE,anita.com,Germany,Salon
ANITA MATERNITY,anita.com,Germany,Salon
ANITA SINCE 1886,anita.com,Germany,Salon
ANNADIVA,annadiva.nl,Netherlands,Salon
ANNETTE LINGERIE,annettelingerie.it,Italy,Salon
ANTIGEL,antigel.com,France,Salon
ATELIER AMOUR,apps.apple.com,France,Salon
AUBADE PARIS,aubade.com,France,Salon
BESTFORM,bestform-lingerie.com,France,Salon
BOGLIETTI,boglietti.it,Italy,Salon
BOJI,bojibojiboji.com,France,Salon
BYE BRA,byebra.eu,Netherlands,Salon
CALIDA,calida.com,Switzerland,Salon
CARL ROSS,shop.carlross.de,Germany,Salon
CARVARO,carvaro.it,Italy,Salon
CHANTELLE,chantelle.com,France,Salon
CLARA,clara-intimo.it,Italy,Salon
CLARA ROSSI,clararossi.com,Italy,Salon
COASTAL REEF,coastalreef.fr,France,Salon
COCO,lingeriebycoco.com,Germany,Salon
COMTESSA,comtessa.de,Germany,Salon
CYBERJAMMIES United,cyberjammies.com,United Kingdom,Salon
DEREK ROSE United,derek-rose.com,United Kingdom,Salon
DNUD,d-nu-d.com,France,Salon
DORINA,dorina.com,Netherlands,Salon
DOT 76,dot76.it,Italy,Salon
DOT76,dot76.it,Italy,Salon
ELOMI,apps.apple.com,France,Salon
EMPREINTE,empreinte.eu,France,Salon
FANTASIE,wacoal-europe.com,France,Salon
FEMFOUR,femfour.com,Italy,Salon
FIDA LINGERIE,fidalingerie.it,Italy,Salon
FILA,fila.de,Italy,Salon
FLEUR OF ENGLAND United,fleurofengland.com,United Kingdom,Salon
FLORA LASTRAIOLI,floralastraioli.com,Italy,Salon
FRALY,fraly.it,Italy,Salon
FREYA,freyalingerie.com,France,Salon
GIRARDI,girardi.net,Italy,Salon
GOLDEN HOUR LINGERIE,goldenhourlingerie.com,France,Salon
HAPPY UNDIES,happy-undies.com,Germany,Salon
HOMERS,homers.es,Spain,Salon
ICONE,icone-lingerie.com,France,Salon
IKONO,ikon-o.com,Belgium,Salon
IU RITA MENNOIA,shopiuritamennoia.com,Italy,Salon
JAIMIES,jaimies.com,France,Salon
KHIÓNÊ,khioneswimwear.com,France,Salon
KIKI,kikidm.com,Germany,Salon
LANOAI,lanoai.com,France,Salon
LASCANA,lascana.de,Germany,Salon
LAVIANT MIË,laviantmie.com,Germany,Salon
LE CHAT,lingerielechat.com,France,Salon
LINE PARIS,nisseparis.com,France,Salon
LINGADORE,lingadore.nl,Netherlands,Salon
LISE CHARMEL,lisecharmel.com,France,Salon
LOHE,loheshop.com,Spain,Salon
LORDXLILIES,lordsxlilies.com,Belgium,Salon
LOUISA BRACQ,louisabracq.com,France,Salon
LUVI PARIS,luviparis.com,France,Salon
MADEKS,madeks.be,Belgium,Salon
MADIVA,madiva.it,Italy,Salon
MAGIC BODYFASHION,magicbodyfashion.com,Netherlands,Salon
MAISON LEJABY,maisonlejaby.com,France,Salon
MARIE JO,mariejo.com,Belgium,Salon
MASSANA,massana.es,Spain,Salon
MEY,mey.com,Germany,Salon
MODIBODI United,modibodi.co.uk,United Kingdom,Salon
MORETTA,moretta.biz,Italy,Salon
MY SUMMER FAN,shop-mysummerfan.com,France,Salon
NATURANA,naturana.com,Germany,Salon
NINEO,nineo.fr,France,Salon
ODETTE ANCEL PARIS,odetteancel.net,France,Salon
ORGANIC BASICS,organicbasics.com,Denmark,Salon
OSCALITO,oscalito.it,Italy,Salon
PALADINI,paladinilingerie.com,Italy,Salon
PIEGE LINGERIE,piege-lingerie.com,France,Salon
PIERRE MANTOUX,pierremantoux.com,Italy,Salon
PLUTO,pluto.be,Belgium,Salon
PRIMADONNA,primadonna.com,Belgium,Salon
PUNTO BLANCO,puntoblanco.com,Spain,Salon
ROSA FAIA,anita.com,Germany,Salon
ROSE,byrroselingerie.com,Germany,Salon
RUE DES LILAS,rue-des-lilas.fr,France,Salon
SABRINA NADAL,sabrinanadal.fr,France,Salon
SANS COMPLEXE,sanscomplexe.com,France,Salon
SARDA,sardaworld.com,Belgium,Salon
SASSA MODE,sassa.eu,Germany,Salon
SCARLETT GASQUE United,scarlettgasque.com,United Kingdom,Salon
SEANAY,seanay.fr,France,Salon
SHORT STORIES,shortstories.de,Germany,Salon
SILK R,silkrparis.com,France,Salon
SIMONE PERELE,fr.simone-perele.com,France,Salon
SOFT REVOLT,softrevolt.com,Netherlands,Salon
SUSA,susa-shop.de,Germany,Salon
SWEDISH STOCKINGS,swedishstockings.com,Sweden,Salon
TALC,talc-paris.fr,France,Salon
TEENFLO,teenflo.co,France,Salon
TRASPARENZE,en.calzetrasparenze.com,Italy,Salon
UCHINO,fr.uchino.co.jp,France,Salon
UNDERSTATEMENT,shopunderstatement.com,Sweden,Salon
VAINVER,vainver.com,Netherlands,Salon
VALEGE,valege.com,France,Salon
VALÉGE,valege.com,France,Salon
VERDIANI,verdiani.it,Italy,Salon
VOLUPTINA,voluptina.com,France,Salon
VOLVER,volver1979.com,Spain,Salon
WACOAL,wacoallingerie.com,France,Salon
YELLAMARIS,yellamaris.de,Germany,Salon
ZIMMERLI OF SWITZERLAND,zimmerli.com,Switzerland,Salon
AB Fashion Agency (HC&IB Labels BV),abfashionagency.be,Belgium,Body Fashion Trade Fair
ARW NV,arw.be,Belgium,Body Fashion Trade Fair
Agentuur Lara BV,agenturlara.be,Belgium,Body Fashion Trade Fair
Agerti NV,mcalson.com,Belgium,Body Fashion Trade Fair
Anita Belgium NV,anita.com,Belgium,Body Fashion Trade Fair
Arthur/2JDL,arthur.fr,France,Body Fashion Trade Fair
B-LEAF Fashion,b-leaf.be,Belgium,Body Fashion Trade Fair
BARTS B.V.,barts.com,Netherlands,Body Fashion Trade Fair
BP Fashionables Consulting BV,bpfashionables.com,Belgium,Body Fashion Trade Fair
Bamboo Basics,bamboobasics.com,Netherlands,Body Fashion Trade Fair
Begeuren BV,begeuren.com,Belgium,Body Fashion Trade Fair
Blue Bell agency,bluebellagency.nl,Netherlands,Body Fashion Trade Fair
Body and Beach,bodyandbeach.nl,Netherlands,Body Fashion Trade Fair
Buttertime,buttertime.be,Belgium,Body Fashion Trade Fair
Bye Bra BV,byebra.com,Netherlands,Body Fashion Trade Fair
C.S. Fashion Agent,csfashionagent.be,Belgium,Body Fashion Trade Fair
CECEBA Group GmbH,ceceba.com,Germany,Body Fashion Trade Fair
CLAN SRL,zeybraitaly.com,Italy,Body Fashion Trade Fair
Calida AG,calida.com,Switzerland,Body Fashion Trade Fair
Costamanolo GP,pinkladel.gr,Greece,Body Fashion Trade Fair
Creaciones Club S.A.,nuriaferrer.es,Spain,Body Fashion Trade Fair
"Creaciones y Diseño Mitjans, S.L.",mitjans.com,Spain,Body Fashion Trade Fair
Dadi,dadi.be,Belgium,Body Fashion Trade Fair
Dare to Be B.V.,marliesdekkers.com,Netherlands,Body Fashion Trade Fair
Dutch Bodyfashion BV,annadiva.com,Netherlands,Body Fashion Trade Fair
EK Fashion,ekfashion.nl,Netherlands,Body Fashion Trade Fair
EVA B. Bitzer GmbH,eva-bitzer.com,Germany,Body Fashion Trade Fair
Eminence Benelux,eminence.fr,Belgium,Body Fashion Trade Fair
Essenza Home,essenzahome.com,Netherlands,Body Fashion Trade Fair
Fashioncheque,fashioncheque.com,Netherlands,Body Fashion Trade Fair
Fedelin,fedelin.be,Belgium,Body Fashion Trade Fair
Felina GmbH,felina.com,Germany,Body Fashion Trade Fair
Female United BV,megami.eu,Belgium,Body Fashion Trade Fair
GAB86,lovestoriesintimates.com,Belgium,Body Fashion Trade Fair
Gedes BV,gedes.be,Belgium,Body Fashion Trade Fair
Gert Staal Modeagenturen,gertstaal.nl,Netherlands,Body Fashion Trade Fair
Hemelsleven,sundayinbed.com,Netherlands,Body Fashion Trade Fair
Hermans Studio Com v,hermans-studio.be,Belgium,Body Fashion Trade Fair
Impetus,impetus.es,Belgium,Body Fashion Trade Fair
Juicy Couture,juicycouture.com,Belgium,Body Fashion Trade Fair
Lise Charmel Benelux,lisecharmel.com,Belgium,Body Fashion Trade Fair
Louisa Bracq,louisabracq.com,France,Body Fashion Trade Fair
MC COMPANY,bananamoon.com,Monaco,Body Fashion Trade Fair
MVL-agency,nanso.com,Netherlands,Body Fashion Trade Fair
Magic Bodyfashion B.V.,magicbodyfashion.com,Netherlands,Body Fashion Trade Fair
Maryan Beachwear Group,maryan-beachwear.com,Germany,Body Fashion Trade Fair
Matido bv,aphroditepro.com,Belgium,Body Fashion Trade Fair
Mendels Fashion Group,lingadore.com,Netherlands,Body Fashion Trade Fair
Midi Kleding,ulladessous.com,Netherlands,Body Fashion Trade Fair
Moi et Marie,moi-et-marie.com,Belgium,Body Fashion Trade Fair
New Amsterdam Apparel,newamsterdam-apparel.com,Netherlands,Body Fashion Trade Fair
PVH Brands Belgium,calvinklein.com,Belgium,Body Fashion Trade Fair
PVH Brands Belgium (Tommy Hilfiger),tommy.com,Belgium,Body Fashion Trade Fair
Peignora,peignora.be,Belgium,Body Fashion Trade Fair
Pie2Brands / G-Star underwear,g-star.com,UK,Body Fashion Trade Fair
Pure Comfort,cakematernity.com,Netherlands,Body Fashion Trade Fair
Re-Style Fashion Agency Comm.v,re-style.be,Belgium,Body Fashion Trade Fair
Roetgering Agenturen,alanred.nl,Netherlands,Body Fashion Trade Fair
Roya Lounge Junky BV,lascana.com,Netherlands,Body Fashion Trade Fair
S.D.L,piege-lingerie.com,France,Body Fashion Trade Fair
SELMARK,selmark.es,Spain,Body Fashion Trade Fair
Sassa Mode GmbH,sassa.com,Germany,Body Fashion Trade Fair
Snurk wear BV,snurk.com,Netherlands,Body Fashion Trade Fair
Sovedam NV,chantelle.com,Belgium,Body Fashion Trade Fair
TEXTI MODA NV,textimoda.be,Belgium,Body Fashion Trade Fair
Totolino,charliechoe.com,Belgium,Body Fashion Trade Fair
Triumph & sloggi,triumph.com,Netherlands,Body Fashion Trade Fair
V&S Agenturen,vsagenturen.be,Belgium,Body Fashion Trade Fair
Vaktijdschrift Second Skin,secondskinmagazine.com,Netherlands,Body Fashion Trade Fair
Vof Leonard Smith's Mode Accessoires,hotlava.nl,Netherlands,Body Fashion Trade Fair
Vossen,vossen.com,Netherlands,Body Fashion Trade Fair
Wacoal Emea Ltd Belgium Branche,wacoal-europe.com,UK,Body Fashion Trade Fair
Walking Trading Int.,walkingtrading.nl,Netherlands,Body Fashion Trade Fair
Zeegers Fashion Specialties,zeegers.nl,Netherlands,Body Fashion Trade Fair
Zetex BV,pastunette.com,Netherlands,Body Fashion Trade Fair
Zoete Ghislain,zoete.be,Belgium,Body Fashion Trade Fair
e. Becker GmbH & co KG,comtessa.com,Germany,Body Fashion Trade Fair
4th Reckless,4threckless.com,United Kingdom,e-com retailers
A Part Of The Art,apartoftheart.com,Unknown,e-com retailers
Abecita,abecita.se,Sweden,e-com retailers
After Eden,after-eden.com,Netherlands,e-com retailers
Anita,anita.com,Germany,e-com retailers
Ann Summers,annsummers.com,United Kingdom,e-com retailers
Antigel,antigel.fr,France,e-com retailers
Athena,athena.fr,France,e-com retailers
Aubade,aubade.com,France,e-com retailers
Avet,avet.se,Sweden,e-com retailers
Banana Moon,bananamoon.com,France,e-com retailers
Becksondergaard,becksondergaard.com,Denmark,e-com retailers
Boss Black,hugoboss.com,Germany,e-com retailers
Bye Bra,byebra.com,Netherlands,e-com retailers
CCDK,ccdk.dk,Denmark,e-com retailers
Calida,calida.com,Switzerland,e-com retailers
Calvin Klein,calvinklein.com,United States,e-com retailers
Chantelle,chantelle.com,France,e-com retailers
Chantelle EasyFeel,chantelle.com,France,e-com retailers
Copenhagen Cartel,copenhagencartel.com,Denmark,e-com retailers
Coster Copenhagen,costercopenhagen.com,Denmark,e-com retailers
Cuissoh,cuissoh.com,France,e-com retailers
Damella of Sweden,damella.se,Sweden,e-com retailers
Decoy,decoy.dk,Denmark,e-com retailers
Dorina,dorina.com,Hungary,e-com retailers
Elbrina,elbrina.dk,Denmark,e-com retailers
Elomi,elomilingerie.com,United Kingdom,e-com retailers
Eminence,eminence.fr,France,e-com retailers
Emporio Armani,armani.com,Italy,e-com retailers
Empreinte,empreinte.eu,France,e-com retailers
Falke,falke.com,Germany,e-com retailers
Fantasie,fantasie.com,United Kingdom,e-com retailers
Femilet,femilet.com,Denmark,e-com retailers
Freya,freyalingerie.com,United Kingdom,e-com retailers
Gestuz,gestuz.com,Denmark,e-com retailers
Gina Tricot,ginatricot.com,Sweden,e-com retailers
Girlfriend Collective,girlfriend.com,United States,e-com retailers
HOM,hom.com,France,e-com retailers
Happy Socks,happysocks.com,Sweden,e-com retailers
Hunkemöller,hunkemoller.com,Netherlands,e-com retailers
Hype The Detail,hypethedetail.com,Denmark,e-com retailers
Impetus,impetus.es,Spain,e-com retailers
JBS of Denmark,jbs.dk,Denmark,e-com retailers
Janira,janira.com,Spain,e-com retailers
Lady Avenue,ladyavenue.com,Denmark,e-com retailers
Lauren Ralph Lauren,ralphlauren.com,United States,e-com retailers
Le Chat,lechat.fr,France,e-com retailers
Lindex,lindex.com,Sweden,e-com retailers
LingaDore,lingadore.com,Netherlands,e-com retailers
Lise Charmel,lisecharmel.com,France,e-com retailers
Louisa Bracq,louisabracq.com,France,e-com retailers
Magic Bodyfashion,magic bodyfashion.com,Netherlands,e-com retailers
Maison Lejaby,maisonlejaby.com,France,e-com retailers
Marie Jo,mariejounderwear.com,Belgium,e-com retailers
Marjolaine,marjolaine.fr,France,e-com retailers
Massana,massana.com,Spain,e-com retailers
Mey,mey.com,Germany,e-com retailers
Missya,missya.com,Denmark,e-com retailers
Moretta,moretta.es,Spain,e-com retailers
Neo Noir,neo-noir.com,Denmark,e-com retailers
Next,next.co.uk,United Kingdom,e-com retailers
Norvig,norvig.dk,Denmark,e-com retailers
Obsessive,obsessive.com.pl,Poland,e-com retailers
Oroblu,oroblu.com,Italy,e-com retailers
Passionata,passionata.com,France,e-com retailers
Plaisir,plaisirlingerie.nl,Netherlands,e-com retailers
Polo Ralph Lauren,ralphlauren.com,United States,e-com retailers
Pour Moi,pourmoi.co.uk,United Kingdom,e-com retailers
Prima Donna Bain,primadonna.com,Belgium,e-com retailers
PrimaDonna,primadonna.com,Belgium,e-com retailers
PrimaDonna Twist,primadonna.com,Belgium,e-com retailers
Rosa Faia,anita.com,Germany,e-com retailers
Rosemunde,rosemunde.com,Denmark,e-com retailers
Sans Complexe Lingerie,sans-complexe.com,France,e-com retailers
Sarda,sarda.es,Spain,e-com retailers
Schiesser,schiesser.com,Germany,e-com retailers
Simone Pérèle,simoneperele.com,France,e-com retailers
Sloggi,sloggi.com,Switzerland,e-com retailers
Spanx,spanx.com,United States,e-com retailers
Swegmark,swegmark.se,Sweden,e-com retailers
Tommy Hilfiger,tommy.com,United States,e-com retailers
Triumph,triumph.com,Germany,e-com retailers
Trofé,trofe.se,Sweden,e-com retailers
Understatement Underwear,understatement-underwear.com,Netherlands,e-com retailers
Urban Quest,urbanquest.com,Unknown,e-com retailers
Wacoal,wacoal-america.com,Japan/USA,e-com retailers
Wiki,wikiunderwear.se,Sweden,e-com retailers
Wolford,wolford.com,Austria,e-com retailers
Wunderwear,wunderwear.dk,Denmark,HS segment
J.P. Welters & Görgens GmbH & Co. Bekleidungs KG,kult-olymp-hades.de,Germany,HS segment
Schröder Mode KG,mode-schroeder.com,,HS segment
Toni Dress Damenmoden GmbH,toni-fashion.de,Germany,HS segment
BRAUN Hamburg,braun-hamburg.com,Germany,HS segment
Hein Gericke International GmbH,heingericke.de,Germany,HS segment
Lisca,lisca.si,Slovenia,HS segment
Strenesse,strenesse.com,Netherlands,HS segment
orsay,orsay.com,Germany,HS segment
Outfittery,outfittery.de,Germany,HS segment
Euromoda Modecenter,euromoda-neuss.com,Germany,HS segment
STYLIGHT,stylight.de,Germany,HS segment
E. Breuninger GmbH & Co.,breuninger.de,Germany,HS segment
Hosiery Center B.V.,hosierycenter.nl,Netherlands,HS segment
Spirit of OM,spirit-of-om.de,Germany,HS segment
Bomainbeachwear / Blue Water Europe B.V.,bomainbeachwear.com,,HS segment
GEDES B.V.,gedes.be,Belgium,HS segment
Body and Beach,bodyandbeach.nl,Netherlands,HS segment
ON THAT ASS,onthatass.com,Netherlands,HS segment
Rise Up Fashion GmbH,oceansapart.com,Germany,HS segment
The Woody Group,thewoodygroup.com,Belgium,HS segment
Dutch Bodyfashion B.V. / Annadiva,annadiva.nl,Netherlands,HS segment
Weard Underwear,weard.com,Sweden,HS segment
FEMIQUE,femique.com,,HS segment
MUEHLMEIER Bodyshaping GmbH,muehlmeier.eu,Germany,HS segment
Portokalada,portokalada.fr,France,HS segment
Valege Lingerie,valege.com,France,HS segment
Snocks,snocks.com,Germany,HS segment
Marc & André Deutschland GmbH,marcandandre.com,Germany,HS segment
Scotta 1985,scotta1985.com,Spain,HS segment
European Lingerie Group,elg-corporate.com,Germany,HS segment
Rosme Lingerie,rosmelingerie.com,Latvia,HS segment
Pompea,pompea.com,Italy,HS segment
Pip Studio,www.pipstudio.nl,Germany,HS segment
Dedoles,dedoles.sk,Slovakia,HS segment
"Aimsa Grupo Textil, S.L.",ysabelmora.com,Spain,HS segment
"MELGAMON, S.L.",melebeach.com,Spain,HS segment
Calamoon,calamoon.es,Spain,HS segment
Bohodot.Es,bohodot.es,Spain,HS segment
Grupo DOCOR,grupodocor.com,Spain,HS segment
Belamer,belamer.co,Spain,HS segment
Adolf Riedl GmbH & Co. KG,bademoden.info,Germany,HS segment
Sistersrepublic,sistersrepublic.com,France,HS segment
theunderdays.com,theunderdays.com,United Kingdom,HS segment
Topíssima,topissima.com,Portugal,HS segment
PLUTO,pluto.be,Belgium,HS segment
Guy de France Lingerie,guydefrance.com,Belgium,HS segment
Augustine Amsterdam,augustineamsterdam.com,Netherlands,HS segment
Body Cover Group,bodycovergroup.com,Netherlands,HS segment
Pimkie,pimkie.com,France,HS segment
Zimmerli,zimmerli.com,Switzerland,HS segment
Escora Lingerie,escora-dessous.de,Germany,HS segment
Reina Olga,reinaolga.com,Switzerland,HS segment
Marlies Dekkers,marliesdekkers.com,Netherlands,HS segment
Fleur of England Ltd,fleurofengland.com,United Kingdom,HS segment
Voyeur X,voyeurx.nl,Netherlands,HS segment
Il Gabbiano Beachwear,ilgabbianobeachwear.com,Italy,HS segment
Agerti,agerti.be,Belgium,HS segment
MAGIC Bodyfashion,magicbodyfashion.net,Netherlands,HS segment
Undiz,undiz.com,France,HS segment
etam,etam.com,France,HS segment
Damart,damart.fr,France,HS segment
Aubade Paris,aubade.eu,France,HS segment
Elle Group srl,ellegroup.it,Italy,HS segment
WAY Copenhagen,waycph.com,Denmark,HS segment
DEAR DENIER,deardenier.dk,Denmark,HS segment
RJ BODYWEAR,engelvaartbodywear.com,Netherlands,HS segment
DIM International Brands,dim.com,France,HS segment
Lounge Underwear Ltd,loungeunderwear.com,United Kingdom,HS segment
Coco-De-Mer,coco-de-mer.com,United Kingdom,HS segment
Impetus Group,impetus.pt,Portugal,HS segment
American Socks,americansocks.com,Spain,HS segment
Bluebella,bluebella.com,United Kingdom,HS segment
Banana Moon,bananamoon.com,Monaco,HS segment
La Partisienne,lapartisienne.fr,France,HS segment
Muchachomalo,muchachomalo.com,Netherlands,HS segment
CSP International Fashion Group,cspinternational.it,Italy,HS segment
Futah,eu.futah.world,Portugal,HS segment
Mc Alson,mcalson.com,Belgium,HS segment
Achieve Prime,achieveprime.com,Germany,HS segment
Trusted Handwork,trustedhandwork.com,Germany,HS segment
Mymarini,mymarini.com,Germany,HS segment
Happy Undies,happy-undies.com,Germany,HS segment
Alice et Maman,aliceetmaman.be,Belgium,HS segment
CORAIL°,corail.co,France,HS segment
CALA 1789,cala1789.com,France,HS segment
Le Slip Francais,leslipfrancais.fr,France,HS segment
Calzedonia Group,calzedoniagroup.com,Italy,HS segment
F**K,effek.it,Italy,HS segment
HUBER Holding AG,hanro.com,Austria,HS segment
Le Petit Trou,le-petit-trou.com,Poland,HS segment
SASsa Mode GmbH,sassamode.com,Germany,HS segment
Huber Bodywear GmbH,huber-bodywear.com,Austria,HS segment
Fashion Accessoires & Bodywear GmbH,esge.de,Germany,HS segment
Burlington Fashion,burlington.de,Germany,HS segment
ISCO-Textilwerk Gebr. Ammann GmbH & Co KG,ammann-bodywear.de,Germany,HS segment
A-dam,a-dam.com,Netherlands,HS segment
Bikkembergs,bikkembergs.com,Italy,HS segment
Skiny Bodywear GmbH,skiny.com,Austria,HS segment
Sanetta,sanetta-group.com,Germany,HS segment
Mamarella,mamarella.com,Germany,HS segment
La Perla,laperla.com,Italy,HS segment
VIANIA Dessous GmbH,viania.com,Germany,HS segment
Ringella Onlineshop GmbH & Co. KG,ringella.com,Germany,HS segment
Premium Bodywear,premiumbodywear.de,Germany,HS segment
Normann Wäschefabrik GmbH,normann.de,Germany,HS segment
HOM S.A.,hom.com,France,HS segment
graziella Wäschemoden GmbH,graziellawaesche.de,Germany,HS segment
FALKE KGaA,falke.com,Germany,HS segment
fab fashion accessories and bodywear,fab.ag,Germany,HS segment
E. Becker Gmbh & Co.KG Wäschefabrik,comtessa.de,Germany,HS segment
Comazo GmbH & Co KG,comazo.de,Germany,HS segment
CALIDA Holding AG,calidagroup.com,Switzerland,HS segment
Boxerman GmbH,boxerman.de,Germany,HS segment
Aydemir Textil,aydemirtextil.de,Germany,HS segment
Triumph Global Sales AG,ext.triumph.com,Switzerland,HS segment
Beebielove,beebielove.com,Netherlands,HS segment
Ochill,ochill.nl,Netherlands,HS segment
AO76,ao76.com,Belgium,HS segment
Belle de Crecy,belledecrecy.com,,HS segment
Girls In Paris,girlsinparis.com,France,HS segment
Dalga,dalgaswim.com,Switzerland,HS segment
CDLP,cdlp.com,Sweden,HS segment
MC2 Saint Barth,mc2saintbarth.com,Italy,HS segment
SYVERSEN AS,syversen.com,Norway,HS segment
Damella,damella.se,Sweden,HS segment
Zetex B.V.,zetex.nl,Netherlands,HS segment
Wacoal,wacoal-europe.com,United Kingdom,HS segment
Rösch Fashion GmbH & Co. KG,roesch-fashion.com,Germany,HS segment
MARYAN BEACHWEAR GROUP,maryanbeachwear.com,Germany,HS segment
LOUIS & LOUISA GMBH,louis-louisa.de,Germany,HS segment
KAMOA GMBH,kamoa.at,Germany,HS segment
ICONIQUE / A.F.S. INTERNATIONAL/ROHRMEIER,afs-international.it,Italy,HS segment
Moritz Hendel & Söhne GmbH,moritz-hendel.de,Germany,HS segment
EVA B. BITZER GMBH,fuerstenberg-fashion.de,Germany,HS segment
BLUE LEMON AG,bluelemon.ch,Switzerland,HS segment
Woron,woronstore.com,Denmark,HS segment
Performance Brands GmbH,royal-lounge.eu,Germany,HS segment
Südtrikot GmbH & Co. KG,cybele-lingerie.de,Germany,HS segment
Wonderlands GmbH,wonderlands.me,Switzerland,HS segment
Vorfreude GmbH,erlich-textil.de,Germany,HS segment
Nastrovje P. GmbH & Co. KG,napo.de,Germany,HS segment
Lisca Group Deutschland GmbH,lisca.de,Germany,HS segment
Palmers Textil AG,palmers.at,Austria,HS segment
MARIA DEE SHOP,maria-dee-shop.de,Germany,HS segment
JOCKEY GmbH,jockey.com,Germany,HS segment
Gattina,gattina.de,Germany,HS segment
Mendels Fashion Group - Linga Dore,lingadore.com,Netherlands,HS segment
F1 GENERATION GMBH,f1-generation.com,Germany,HS segment
Ceceba Bodywear GmbH,ceceba.com,Germany,HS segment
Aikyou GmbH,aikyou.de,Germany,HS segment
Annebra Europe,annebra-deutschland.de,Germany,HS segment
Barecollective,barecollective.com,Sweden,HS segment
Brand Mrkt,brandmrkt.com,Sweden,HS segment
Castelijn fashion & denim,modecastelijn.nl,Netherlands,HS segment
Frank Dandy AB,frankdandy.com,Sweden,HS segment
Boob Design,boobdesign.com,Sweden,HS segment
Medico Sports Fashion GmbH,medico-sports-fashion.de,Germany,HS segment
SUNDAY IN BED,sundayinbed.de,Germany,HS segment
Love Stories,lovestoriesintimate.com,Netherlands,HS segment
Lascana,lascana.de,Germany,HS segment
Otto - Lascana,martex.it,Italy,HS segment
Wolford,wolford.com,Austria,HS segment
Protest Sportswear,protest.eu,Netherlands,HS segment
Ulla,ulla.de,Germany,HS segment
Huber Holding AG,huberholding.com,Germany,HS segment
Empreinte,empreinte.eu,France,HS segment
Speidel GmbH,speidel-lingerie.de,Germany,HS segment
Van de Velde,vandevelde.eu,Belgium,HS segment
Novila GmbH,novila.de,Germany,HS segment
Felina European Lingerie Group,felina.de,Germany,HS segment
Susa Dessous,www.susa.de,Germany,HS segment
Beachlife,https://beachlife.com,Netherlands,HS segment
Hunkemoller,hunkemoller.com,Netherlands,HS segment
Calida AG,calida.com,Switzerland,HS segment
Swedish Stocking AB,swedishstockings.com,Sweden,HS segment
Textil Zedesa,zedesa.es,Spain,HS segment
Anita Dr. Helbig GmbH,anita.net,Germany,HS segment
Red Point Beachwear,redpointbeachwear.com,Spain,HS segment
L. ten Cate BV,ltencate.com,Netherlands,HS segment
Karl Conzelmann GmbH + Co. KG,conzelmann.de,Germany,HS segment
Lise Charmel,lisecharmel.fr,France,HS segment
Hanes Bodywear Germany GmbH,hanes.com,Germany,HS segment
Groupe Chantelle,groupechantelle.com,France,HS segment
Simone Perele,simone-perele.fr,France,HS segment
camano GmbH & Co. KG,onskinery.com,Germany,HS segment
Underwear of Sweden,swegmark.se,Sweden,HS segment
ISA Sallmann AG,isabodywear.ch,Switzerland,HS segment
Colect,colect.io,Netherlands,HS segment
Comfyballs.no,comfyballs.no,Norway,HS segment
Triumph International,triumph.com,France,HS segment
JAP INTERNATIONAL,musbombon.com,Spain,HS segment
Bomainbeachwear / Blue Water Europe B.V.,bomainbeachwear.com,,HS fairs
JANZEN,janzen.com,Netherlands,HS fairs
Body and Beach,bodyandbeach.nl,Netherlands,HS fairs
B-LEAF Fashion bv,b-leaf.be,Belgium,HS fairs
Panache Lingerie LTD,panache-lingerie.com,United Kingdom,HS fairs
UNDRESS CODE,undress-code.com,Poland,HS fairs
LOVE NOT WAR,l-n-w.com,United Kingdom,HS fairs
LIBERTY TEX,libertytex.com,,HS fairs
PUNTO BLANCO,puntoblanco.com,Spain,HS fairs
LES TISSAGES PERRIN,tissages-perrin.com,France,HS fairs
PALOMA CASILE,palomacasile.com,France,HS fairs
LINGERIE ROOM,lingerieroomofficial.co.uk,United Kingdom,HS fairs
MIRA,shopatmira.com,,HS fairs
LOVE SECRET,lovesecrethk.com,,HS fairs
LOVE TO LOVE,love-to-love.com,,HS fairs
CHANTY LACE,chantylace.com,Germany,HS fairs
HUIT,huit.com,France,HS fairs
LOVE AND SWANS,us.loveandswans.com,,HS fairs
PLUTO,plutolingerie.com,Belgium,HS fairs
PIERRE MANTOUX,pierremantoux.com,Italy,HS fairs
HAEMMERLE & VOGEL,h-v.biz,Austria,HS fairs
CADOLLE,cadolle.com,France,HS fairs
CHICK WINGS,chicwingstextile.com,,HS fairs
HEIST STUDIOS,heist-studios.com,United Kingdom,HS fairs
PLAYFUL PROMISES,playfulpromises.com,United Kingdom,HS fairs
WILLY HERMMANN,willy-hermann.com,Austria,HS fairs
REIGN STUDIO,reign-studio.com,United Kingdom,HS fairs
FEMIQUE,femique.com,,HS fairs
SCARLETT GASQUE,scarlettgasque.com,,HS fairs
VALERY,valerylingerie.it,Italy,HS fairs
INTAI,intai.cn,,HS fairs
MADIVA,madiva.it,Italy,HS fairs
SOEUR TOKYO,soeurtokyo.com,,HS fairs
JAIMIES,jaimies.com,,HS fairs
TRASPARENZE,calzetrasparenze.com,Italy,HS fairs
SOHO,ntsoho.com,,HS fairs
DSTM,dstm.co,Germany,HS fairs
PANNOY ENTERPRISE CORP.,ms.pannoy.com.tw,,HS fairs
KOKOAKA,kokoaka.com,,HS fairs
CLARA ROSSI,clararossi.it,Italy,HS fairs
ANTIK DANTEL,antikdantel.com.tr,United Kingdom,HS fairs
RODASOLEIL,rodasoleil.shop,,HS fairs
LIYING LACE,xmlace.com,,HS fairs
JINHAI,jinhai.biz,,HS fairs
FENGYAN TEXTILE,fengyan-lace.com,,HS fairs
MAISON LEVEQUE,maison-leveque.com,France,HS fairs
LEGEND INDUSTRY,en.lengendbel.cn,,HS fairs
LONDON CONTOUR EXPERTS,londoncontourexperts.com,United Kingdom,HS fairs
"DONGGUAN XINFEILIN TEXTILE CO.,LTD",xinfeilin.com,,HS fairs
HOUSE OF SILK,eu.hofsilk.com,,HS fairs
VALNUE LINGERIE,valnue.com,,HS fairs
CLUB ORANGÉE,cluborangee.fr,France,HS fairs
BRODERIES LEVEAUX,broderies-leveaux.fr,France,HS fairs
POSIE,posielingerie.com,United Kingdom,HS fairs
CYBERJAMMIES,cyberjammies.com,United Kingdom,HS fairs
BILLION RISE KNITTING,billion-holding.com,,HS fairs
FUZHOU CHANGLE JIARONG INDUSTRIAL,cnjr.com.cn,,HS fairs
BIKINI BEACH CONCEPT,bikinibeachconcept.com,,HS fairs
LAPIENO,oztoklar.com,,HS fairs
MARCEL LIEBAERT NV,liebaert.com,Belgium,HS fairs
PENN ITALIA SRL/PENN TEXTILE SOLUTIONS GMBH,penn-ts.com,Germany,HS fairs
JANETTE FABULOUS NIGHTWEAR,janettewear.com,,HS fairs
MICHELE LETIZIA S.P.A.,micheleletizia.com,Italy,HS fairs
NAYADES THE LABEL,nayadesthelabel.com,,HS fairs
ELASTIQUE,elastiquegroup.com,,HS fairs
EMBREX LTD,embrex.ch,Switzerland,HS fairs
VOLUPTINA,voluptina.com,,HS fairs
DOT76,dot76.it,Italy,HS fairs
BELTY,ladybelty.com,Spain,HS fairs
HER SENSES,her-senses.com,,HS fairs
MOON AND MELLOW,moonandmellow.com,United Kingdom,HS fairs
STILL ADORE,stilladore.com,,HS fairs
AGDA STUDIOS,agdastudios.com,,HS fairs
UN CRI DE JOIE,uncridejoie.net,,HS fairs
MAISON PLOUF,maisonplouf.com,France,HS fairs
ZENGCHENG ORIENTAL EMBROIDERY,oriental-emb.com,,HS fairs
XIANGYA,gdxiangya.com,,HS fairs
DESSOUS PARIS,dessousparis.com,France,HS fairs
WEBER LACE,sivalace.it,Italy,HS fairs
DIANINA,dianina.com,France,HS fairs
GAÏANNE,gaianne-paris.com,France,HS fairs
PONGEES,pongees.co.uk,United Kingdom,HS fairs
ARUELLE,aruelle.com,Lithuania,HS fairs
FRALY,fraly.it,Italy,HS fairs
ADMAS,admas.es,Spain,HS fairs
DIEN,dienlingerie.com,,HS fairs
MAISON FLORA,maisonflora.fr,France,HS fairs
LEONISA,leonisa.eu,Spain,HS fairs
FABTEX,fabtex.com.tw,,HS fairs
LOVE AND BRA,loveandbra.it,Italy,HS fairs
YUHUAJU INDUSTRIAL CO. LTD,huaju168.cn,,HS fairs
"CINTAS MARTELL, S.L.",cintasmartell.com,Spain,HS fairs
SOPHIE HALLETTE,sophiehallette.com,France,HS fairs
CONFEDERATION NATIONALE DES DETAILLANTS DE LINGERIE,detaillants-lingerie.fr,France,HS fairs
SELIA RICHWOOD,seliarichwood.com,Italy,HS fairs
OGUZHAN DAR DOKUMA ETIKET TEKSTIL,oguzhandardokuma.com,,HS fairs
BONNE MAISON,bonnemaison.fr,France,HS fairs
LAUMA FABRICS,laumafabrics.com,Latvia,HS fairs
PILZER,pilzerparis.com,,HS fairs
ELEGANTEAZY,eleganteazy.com,France,HS fairs
NEXT METAL,nxtmetal.com.tr,,HS fairs
ATELIER NATANSKI PARIS,atelier-natanski.com,,HS fairs
CALAMOON SWIMWEAR,calamoon.com,,HS fairs
JY TEXTILE TECHNOLOGY LIMITED,jyhongkong.com,Germany,HS fairs
XYX MATERIAL,xyxmat.com,,HS fairs
EOSOS,eosos.co.kr,,HS fairs
UWORK,dgywk.cn,,HS fairs
ACTION CULOTTÉE,lesrituelles.fr,France,HS fairs
LUIPEX SWIMWEAR,luipex.pt,Portugal,HS fairs
BOGLIETTI,boglietti.it,Italy,HS fairs
"YEHUI LINGERIE ACCESSORIES CO, LTD",gdfsyehui.com,,HS fairs
IN BLOOM,inbloom.online,,HS fairs
SERAM,seram.com,France,HS fairs
SCANDALE ECO LINGERIE,scandale.com,France,HS fairs
TOPMOST GARMENT,topmostgt.com,,HS fairs
BONJOUR MADAME,bmadame.com,,HS fairs
BAD BICHE BY LOU MANESSE,loumanesselingerie.fr,France,HS fairs
INTER-SPITZEN,inter-spitzen.ch,Switzerland,HS fairs
HOMERS,homers.es,Spain,HS fairs
WOMAN ESSENTIALS,womanessentials.fr,France,HS fairs
BUGIS,bugis.fr,France,HS fairs
MAGIC BODYFASHION,magicbodyfashion.fr,,HS fairs
ESQUDO,esqudo.co,,HS fairs
X INTIMA,xintima.com,,HS fairs
FLORA LASTRAIOLI,floralastraioli.com,Italy,HS fairs
AMBRA LINGERIE,ambralingerie.it,Italy,HS fairs
SAETA PARIS,saeta-paris.com,,HS fairs
JEAN BRACQ,jeanbracq.com,France,HS fairs
ANNETTE LINGERIE,annettelingerie.it,Italy,HS fairs
UNION AG,union-ag.ch,Switzerland,HS fairs
BIIRD,biird.co,Netherlands,HS fairs
"WING-WIN ENTERPRISE CO., LTD",lingeriecup.com,,HS fairs
JOOP!,naturana.de,Germany,HS fairs
TEXTPRINT,textprint.cat,Spain,HS fairs
MODIBODI,modibodi.co.uk,United Kingdom,HS fairs
CLUB TONIC,club-tonic.com,,HS fairs
FREYA,wacoallingerie.fr,France,HS fairs
MUEHLMEIER Bodyshaping GmbH,muehlmeier.eu,Germany,HS fairs
BAUBO,baubo.fr,France,HS fairs
PALADINI,paladinilingerie.com,,HS fairs
GIRARDI,girardi.net,,HS fairs
UNDERSTATEMENT,shopunderstatement.com,Sweden,HS fairs
GOOD TOP,goodtop.com.tw,,HS fairs
MORETTA,moretta.biz,Italy,HS fairs
AMBASSADOR1867,ambassador1867.com,Denmark,HS fairs
INC.,onno-intimates.com,,HS fairs
JIUN HER EMBROIDERY LACE,jiunher.com.tw,,HS fairs
GROBELASTIC SA,grobelastic.es,Spain,HS fairs
CHANTELLE X,cl.studio,,HS fairs
BERTILLE ISABEAU,bertilleisabeau.com,France,HS fairs
ALVANA SWIMWEAR,alvana.fr,France,HS fairs
SANGIACOMO,welovesocks.it,Italy,HS fairs
AMARRE,amarrebeachwear.com,,HS fairs
JABOULEY SA,jabouleydentelle.fr,France,HS fairs
GYPSO LENCERIA,gypsolenceria.com,,HS fairs
MADEKS,madeks.be,Belgium,HS fairs
GIRLS MUST HAVE,girlsmusthave.com,,HS fairs
SUNNY LACE,sunnylace.com.tw,,HS fairs
ART MARTIN,art-martin.com,France,HS fairs
MED,med.com.gr,Greece,HS fairs
BEACH & BEYOND SWIMWEAR,beachnbeyond.com,,HS fairs
CARAMI,carami.it,Italy,HS fairs
DODO,ctmstyle.fr,France,HS fairs
HOUSE OF DESIRE,houseofdesire.com,,HS fairs
WUMI INTIMATE CARE,wumi-intimatecare.com,,HS fairs
SENSIS,sensis.com.pl,Poland,HS fairs
CELEB TEXTILES,celebtextiles.com,,HS fairs
INDESMALLA SA,indesmalla.com,Spain,HS fairs
IORA LINGERIE,ioralingerie.com,Portugal,HS fairs
BESTFORM,lacelier.com,France,HS fairs
FTE - EPAU NOVA,epaunova.com,France,HS fairs
INNOVA FABRICS,innovafabrics.com,Italy,HS fairs
ILONI BY DILAN,ilonibydilan.com,,HS fairs
ENNA MODA,ennamoda.com,United Kingdom,HS fairs
HOY YIP INDUSTRIAL,hingyipfty.com,,HS fairs
SOMBO,sombo.fr,France,HS fairs
ACQUADICOCCO,acquadicocco.com,,HS fairs
ATELIER AMOUR,atelier-amour.com,France,HS fairs
LÖVANE,lovane-lingerie.com,France,HS fairs
acetech-textile.com,acetech-textile.com,,HS fairs
Man Socks Italia,mansocksitalia.com,Italy,HS fairs
Valege Lingerie,valege.com,France,HS fairs
ESQUISSE PARIS,esquisse-lingerie.com,France,HS fairs
Adolf Riedl GmbH & Co. KG,bademoden.info,Germany,HS fairs
Guy de France Lingerie,guydefrance.com,Belgium,HS fairs
Kaly Ora,kalyora.com,Belgium,HS fairs
Le Chat,lingerielechat.com,France,HS fairs
Maison Lejaby,maisonlejaby.com,France,HS fairs
Dora Larsen,doralarsen.com,United Kingdom,HS fairs
Fleur of England Ltd,fleurofengland.com,United Kingdom,HS fairs
Sustinandfriends,sustinandfriends.com,Denmark,HS fairs
Louise Bracq,louisabracq.com,France,HS fairs
Coco-De-Mer,coco-de-mer.com,United Kingdom,HS fairs
Happy Undies,happy-undies.com,Germany,HS fairs
Alice et Maman,aliceetmaman.be,Belgium,HS fairs
HUBER Holding AG,hanro.com,Austria,HS fairs
snurk.nl,snurk.nl,Netherlands,HS fairs
SASsa Mode GmbH,sassamode.com,Germany,HS fairs
Sanetta,sanetta-group.com,Germany,HS fairs
Ringella Onlineshop GmbH & Co. KG,ringella.com,Germany,HS fairs
Carl Ross Textil GmbH,carlross.de,Germany,HS fairs
La Nouvelle,lingerielanouvelle.com,France,HS fairs
Icone Lingerie,icone-lingerie.com,France,HS fairs
COSTAMANOLO GP,pinklabel.gr,Greece,HS fairs
Zetex B.V.,zetex.nl,Netherlands,HS fairs
Yellamaris GmbH,yellamaris.de,Germany,HS fairs
VERDIANI - DILIAR SRL,verdiani.it,Italy,HS fairs
Rösch Fashion GmbH & Co. KG,roesch-fashion.com,Germany,HS fairs
OSCALITO 1936MAGLIFICIO PO SRL CON SOCIOUNICO,oscalito.it,Italy,HS fairs
Performance Brands GmbH,royal-lounge.eu,Germany,HS fairs
Bye Bra B.V.,byebra.com,Netherlands,HS fairs
Mendels Fashion Group - Linga Dore,lingadore.com,Netherlands,HS fairs
SUNDAY IN BED,sundayinbed.de,Germany,HS fairs
Lascana,lascana.de,Germany,HS fairs
Empreinte,empreinte.eu,France,HS fairs
Van de Velde,vandevelde.eu,Belgium,HS fairs
Susa Dessous,www.susa.de,Germany,HS fairs
Calida AG,calida.com,Switzerland,HS fairs
Anita Dr. Helbig GmbH,anita.net,Germany,HS fairs
Lise Charmel,lisecharmel.fr,France,HS fairs
Simone Perele,simone-perele.fr,France,HS fairs
ReSales Textilhandels- und -recycling GmbH,resales.de,Germany,Dealfront
ReSales Textilhandels- und -recycling GmbH,rs-textil.de,Germany,Dealfront
Hugo Boss AG,hugoboss.com,Germany,Dealfront
Bantel GmbH,bantel.de,Germany,Dealfront
Finze & Wagner Holding GmbH,felix-burda-stiftung.de,Germany,Dealfront
Finze & Wagner Holding GmbH,vogel-konstruktion.de,Germany,Dealfront
Finze & Wagner Holding GmbH,ersos.de,Germany,Dealfront
Finze & Wagner Holding GmbH,fiwagroup.com,Germany,Dealfront
Finze & Wagner Holding GmbH,darmkrebs.de,Germany,Dealfront
Finze & Wagner Holding GmbH,hubert-burda-stiftung.de,Germany,Dealfront
Madeleine Mode GmbH,madeleine.com,Germany,Dealfront
Heinrich Heine GmbH,heine.de,Germany,Dealfront
Heinrich Heine GmbH,heine.at,Germany,Dealfront
Heinrich Heine GmbH,heine.ch,Germany,Dealfront
Löffler GmbH,loeffler.at,Austria,Dealfront
Mode- und Sporthaus Klingemann GmbH,kfz-center-klingemann.de,Germany,Dealfront
Mode- und Sporthaus Klingemann GmbH,klingemann.de,Germany,Dealfront
L&T Lengermann & Trieschmann GmbH & Co. KG,l-t.de,Germany,Dealfront
Serravalle Designer Outlet,mcarthurglen.com,Italy,Dealfront
Schlier GmbH,schlier.com,Germany,Dealfront
Schiesser AG,schiesser.com,Germany,Dealfront
Schiesser AG,schiesser.at,Germany,Dealfront
Schiesser AG,korken.at,Germany,Dealfront
Murk GmbH & Co. KG Bekleidungshaus,murk.de,Germany,Dealfront
Wolford AG,wolford.com,Austria,Dealfront
Rösch Fashion GmbH & Co. KG,roesch-fashion.com,Germany,Dealfront
HANRO International GmbH,hanro.com,Austria,Dealfront
FALKE KGaA,falke.com,Germany,Dealfront
May GmbH,may-mode.de,Germany,Dealfront
May GmbH,wilhelm-may.de,Germany,Dealfront
May GmbH,horst-may.de,Germany,Dealfront
May GmbH,may.de,Germany,Dealfront
Klingel GmbH,klingel.de,Germany,Dealfront
Klingel GmbH,klingel-gmbh.de,Germany,Dealfront
Schuh- und Sporthaus Haaf GmbH,intersport-haaf.de,Germany,Dealfront
Schuh- und Sporthaus Haaf GmbH,schuh-sport-haaf.de,Germany,Dealfront
QVC Handel S.à r.l. & Co. KG,qvc.de,Germany,Dealfront
TRIGEMA Inh. W. Grupp e.K.,trigema.de,Germany,Dealfront
TRIGEMA Inh. W. Grupp e.K.,trigema-business.de,Germany,Dealfront
Alba Moda GmbH,albamoda.de,Germany,Dealfront
Alba Moda GmbH,albamoda.com,Germany,Dealfront
DIRKS Group GmbH & Co. KG,dirks-group.de,Germany,Dealfront
Mathias Frey GmbH & Co. KG,frey-erleben.de,Germany,Dealfront
Mathias Frey GmbH & Co. KG,freyerleben.de,Germany,Dealfront
Mathias Frey GmbH & Co. KG,modefreyhaus.de,Germany,Dealfront
Michael Mientus GmbH,mientus.com,Germany,Dealfront
EVE Dessous VertriebsgesmbH,evedess.com,Austria,Dealfront
NOON GmbH,noon-gmbh.de,Germany,Dealfront
NOON GmbH,noon-stoffmarkt.de,Germany,Dealfront
Karl Conzelmann GmbH & Co. KG,ninavonc.de,Germany,Dealfront
Karl Conzelmann GmbH & Co. KG,conzelmann.net,Germany,Dealfront
Karl Conzelmann GmbH & Co. KG,ninavonc.eu,Germany,Dealfront
WORK IN PROGRESS TEXTILHANDELS GmbH,carhartt-wip.com,Germany,Dealfront
manomama GmbH,manomama.de,Germany,Dealfront
Engel GmbH,engel-natur.de,Germany,Dealfront
Engel GmbH,engelgmbh.ch,Germany,Dealfront
Feucht Immobilien GmbH,feucht.at,Austria,Dealfront
Maryan Beachwear Group GmbH,maryanbeachwear.com,Germany,Dealfront
Maryan Beachwear Group GmbH,charmline.com,Germany,Dealfront
Maryan Beachwear Group GmbH,lidea.com,Germany,Dealfront
Maryan Beachwear Group GmbH,maryanbeachweargroup.de,Germany,Dealfront
Maryan Beachwear Group GmbH,maryanmehlhorn.com,Germany,Dealfront
s.Oliver Bernd Freier GmbH & Co. KG,soliver-group.com,Germany,Dealfront
s.Oliver Bernd Freier GmbH & Co. KG,soliver.de,Germany,Dealfront
s.Oliver Bernd Freier GmbH & Co. KG,comma-store.de,Germany,Dealfront
Adolf Riedl GmbH & Co. KG,sunflair.de,Germany,Dealfront
Adolf Riedl GmbH & Co. KG,bademoden.info,Germany,Dealfront
Adolf Riedl GmbH & Co. KG,sunmarin.de,Germany,Dealfront
BLÅKLÄDER AB,blaklader.se,Sweden,Dealfront
WORK IN PROGRESS TEXTILHANDELS GmbH,carhartt-wip.com,Germany,Dealfront
AWG Allgemeine Warenvertriebs-GmbH,awg-mode.de,Germany,Dealfront
JACK WOLFSKIN Ausrüstung für Draussen GmbH & Co. KGaA,jack-wolfskin.de,Germany,Dealfront
JACK WOLFSKIN Ausrüstung für Draussen GmbH & Co. KGaA,jack-wolfskin.com,Germany,Dealfront
Schnitzler Verwaltungs- und Beteiligungs-GmbH,modehaus-schnitzler.de,Germany,Dealfront
Schnitzler Verwaltungs- und Beteiligungs-GmbH,weitkamp-store.de,Germany,Dealfront
Mode+Sport-Center Braun,braun.fashion,Germany,Dealfront
Bekleidungshäuser Karl Vockeroth GmbH,vockeroth-mode.com,Germany,Dealfront
Bekleidungshäuser Karl Vockeroth GmbH,vockeroth.com,Germany,Dealfront
Petit Bateau Kinderbekleidung GmbH,petit-bateau.de,Germany,Dealfront
Walbusch Walter Busch GmbH & Co. KG,walbusch.de,Germany,Dealfront
Messerich Mode GmbH & Co. KG,messerich-bitburg.de,Germany,Dealfront
Messerich Mode GmbH & Co. KG,messerich-bitburg-app.de,Germany,Dealfront
Falk & Ross Group Europe GmbH,falk-ross.de,Germany,Dealfront
Falk & Ross Group Europe GmbH,falk-ross.eu,Germany,Dealfront
Zizzi ApS,aboutzizzi.com,Denmark,Dealfront
Zizzi ApS,zizzifashion.com,Denmark,Dealfront
Modehaus Marx GmbH & Co. KG,modehaus-marx.de,Germany,Dealfront
J. Lindeberg Aktiebolag,jlindeberg.com,Sweden,Dealfront
J. Lindeberg Aktiebolag,jlindebergusa.com,Sweden,Dealfront
Frottana Textil GmbH & Co. KG,frottana.de,Germany,Dealfront
noni Mode GmbH,noni-mode.de,Germany,Dealfront
EGOIST. DE Fashion GmbH,egoist.de,Germany,Dealfront
TAYLER Bekleidungshandelsgesellschaft mbH,tayler.de,Germany,Dealfront
HEMA B.V.,hema.nl,Netherlands,Dealfront
HEMA B.V.,hema.com,Netherlands,Dealfront
bugatti Holding Brinkmann GmbH & Co. KG,bugatti-fashion.com,Germany,Dealfront
Leffers GmbH,intersport-leffers.de,Germany,Dealfront
Ernst Stackmann GmbH & Co. KG,stackmann.de,Germany,Dealfront
Fristads GmbH,fristadskansas.com,Germany,Dealfront
Fristads GmbH,fristads.com,Germany,Dealfront
Jung GmbH,jung-modehaus.de,Germany,Dealfront
MOSER Trachten GmbH,trachten.de,Germany,Dealfront
Maloja Clothing GmbH,maloja.de,Germany,Dealfront
Maloja Clothing GmbH,malojaclothing.com,Germany,Dealfront
Strumpfwerk Lindner GmbH,lindner-socks.com,Germany,Dealfront
SASsa Mode GmbH,sassamode.com,Germany,Dealfront
Strickmoden Bruno Barthel GmbH & Co. KG,maximostrickmoden.de,Germany,Dealfront
Strickmoden Bruno Barthel GmbH & Co. KG,maximo-strickmoden.de,Germany,Dealfront
Strickmoden Bruno Barthel GmbH & Co. KG,capo-austria.com,Germany,Dealfront
Strickmoden Bruno Barthel GmbH & Co. KG,maximo-webfashion.de,Germany,Dealfront
COMAZO GmbH & Co. KG,comazo.de,Germany,Dealfront
Sanetta Gebrüder Ammann GmbH & Co. KG,sanetta.de,Germany,Dealfront
Herbawi GmbH,fast-forward-fashion.de,Germany,Dealfront
"Laue, Jürgensen & Co. GmbH",laue-festmoden.de,Germany,Dealfront
"Laue, Jürgensen & Co. GmbH",laueland.de,Germany,Dealfront
Ferdinand Meislahn GmbH & Co. KG,meislahn.de,Germany,Dealfront
Holger Genkinger GmbH,bettwaren-shop.de,Germany,Dealfront
bruno banani underwear GmbH,brunobanani.com,Germany,Dealfront
Defshop GmbH,def-shop.com,Germany,Dealfront
Hauber Internationale Mode GmbH.,haubergroup.de,Germany,Dealfront
fashionette GmbH,fashionette.de,Germany,Dealfront
B&U Einzelhandels GmbH,bundu-mode.de,Germany,Dealfront
"Lands' End, Inc.",landsend.com,United States,Dealfront
Modehaus Garhammer GmbH,garhammer.de,Germany,Dealfront
Modehaus Garhammer GmbH,restaurant-johanns.de,Germany,Dealfront
Blutsgeschwister GmbH,blutsgeschwister.de,Germany,Dealfront
Calzedonia Group,oniverse.it,Italy,Dealfront
Chiemsee-Alpenland Tourismus GmbH & Co. KG,chiemsee-alpenland.de,Germany,Dealfront
Chiemsee-Alpenland Tourismus GmbH & Co. KG,salzalpensteig.com,Germany,Dealfront
Fashion ID GmbH & Co. KG,peek-cloppenburg.de,Germany,Dealfront
Fashion ID GmbH & Co. KG,stylebop.com,Germany,Dealfront
Ronellenfitsch GmbH & Co. KG,modehaus-ronellenfitsch.de,Germany,Dealfront
Olsen Mode GmbH,olsen.de,Germany,Dealfront
Olsen Mode GmbH,olsenfashion.com,Germany,Dealfront
Behrens & Haltermann GmbH & Co. KG,behrensundhaltermann.de,Germany,Dealfront
Behrens & Haltermann GmbH & Co. KG,hochzwei.de,Germany,Dealfront
Behrens & Haltermann GmbH & Co. KG,buh.de,Germany,Dealfront
TC Ingrid Buckenmaier GmbH & Co. KG,tc-buckenmaier.de,Germany,Dealfront
Gunold GmbH,gunold.de,Germany,Dealfront
Gunold GmbH,gunold.com,Germany,Dealfront
Scorett Footwear AB,hakanssons.com,Sweden,Dealfront
Trender Jeansmode GmbH&Co.KG,yeanshalle.de,Germany,Dealfront
"Zara España, S.A.",zara.com,Spain,Dealfront
Kaufhaus Ernst Ganz GmbH,kaufhaus-ganz.de,Germany,Dealfront
Kaufhaus Ernst Ganz GmbH,vedes-ganz.de,Germany,Dealfront
Normann Wäschefabrik GmbH & Co. KG,waescheland.com,Germany,Dealfront
OUTLETCITY AG,outletcity.com,Germany,Dealfront
Schuhhaus Lötte GmbH & Co. KG,loette.de,Germany,Dealfront
Jakob Jost GmbH,mode-jost.de,Germany,Dealfront
Böckmann Modehaus GmbH,boeckmann-mode.de,Germany,Dealfront
MUSTANG Store GmbH,mustang.de,Germany,Dealfront
NORTEX Immobilien und Beteiligungen Ohlhoff GmbH & Co. KG,nortex.de,Germany,Dealfront
C.J. Schmidt GmbH,cjschmidt.de,Germany,Dealfront
VIANIA Dessous GmbH,viania.com,Germany,Dealfront
Jeans Fritz Handelsgesellschaft für Mode mbH,jeans-fritz.de,Germany,Dealfront
MVZ am Klinikum Rheine GmbH,mhrheine.de,Germany,Dealfront
Penn Textile Solutions GmbH,penn-ts.com,Germany,Dealfront
Schwager GmbH Bad Pyrmont,schwager.de,Germany,Dealfront
2P Fashion GmbH,2p.fashion,Germany,Dealfront
2P Fashion GmbH,jackenservice.com,Germany,Dealfront
2P Fashion GmbH,die-aenderei-bayreuth.de,Germany,Dealfront
private textiles holding GmbH,pth.group,Germany,Dealfront
LIVE FAST DIE YOUNG Clothing GmbH,livefastdieyoung.com,Germany,Dealfront
Centa-Star Bettwaren GmbH & Co. KG,centa-star.com,Germany,Dealfront
TEG Textile Expert Germany GmbH,teg-tex.com,Germany,Dealfront
PONGS GROUP GmbH & Co.KG,pongs.com,Germany,Dealfront
Life-Style Fashion GmbH,gerryweber.com,Germany,Dealfront
Les Lunes GmbH,leslunes.de,Germany,Dealfront
Salomon & Fischer GmbH & Co. OHG,jeans-direct.de,Germany,Dealfront
"Ppmc, Papa Pique et Maman Coud",papapiqueetmamancoud.fr,France,Dealfront
"Ppmc, Papa Pique et Maman Coud",papapiqueetmamancoud.com,France,Dealfront
Vertbaudet,vertbaudet.com,France,Dealfront
Cwf Children Worldwide Fashion,kidsaround.com,France,Dealfront
Wenaas Workwear AS,wenaas.com,Norway,Dealfront
Yeans Halle Stuttgart GmbH & Co. KG,yeanshalle.de,Germany,Dealfront
Tally Weijl Trading AG,tally-weijl.com,Switzerland,Dealfront
Tchibo GmbH,tchibo.de,Germany,Dealfront
Tchibo GmbH,tchibo.com,Germany,Dealfront
Tchibo GmbH,tchibo-coffeeservice.de,Germany,Dealfront
Tchibo GmbH,tchibo-karriere.de,Germany,Dealfront
City Ring Handels GmbH & Co. KG,ringcenter-online.de,Germany,Dealfront
Oscar Jacobson Aktiebolag,oscarjacobson.com,Sweden,Dealfront
Levi Strauss & Co.,levistrauss.com,United States,Dealfront
SiNN GmbH,sinnleffers.de,Germany,Dealfront
SiNN GmbH,sinn.com,Germany,Dealfront
Diesel SpA,diesel.com,Italy,Dealfront
Kaufhaus Bauer GmbH,kaufhaus-bauer.de,Germany,Dealfront
SUSA-Vertriebs-GmbH & Co. KG,susa.de,Germany,Dealfront
Marimekko GmbH,marimekko.com,Germany,Dealfront
freundin Verlag GmbH,freundin.de,Germany,Dealfront
freundin Verlag GmbH,freundin-abo.de,Germany,Dealfront
Mode Hell KG,mode-hell.de,Germany,Dealfront
Mode Hell KG,modehaus.de,Germany,Dealfront
BMK Handels- und Vertriebs GmbH,popolini.com,Austria,Dealfront
BMK Handels- und Vertriebs GmbH,bmk-popolini.eu,Austria,Dealfront
NWT Consulting & Compliance GmbH,nwt.at,Austria,Dealfront
NWT Consulting & Compliance GmbH,nwt.consulting,Austria,Dealfront
KiK Textil Sp. z o.o.,kik.pl,Poland,Dealfront
Popken Fashion GmbH,ullapopken.de,Germany,Dealfront
Popken Fashion GmbH,ullapopken.eu,Germany,Dealfront
France Achat International,degriffstock.com,France,Dealfront
City Kaufhaus GmbH & Co. KG,city-kaufhaus-gaggenau.de,Germany,Dealfront
Zeeman,zeeman.com,Netherlands,Dealfront
Klingenthal Gruppe GmbH,klingenthal.com,Germany,Dealfront
Kappahl AB,kappahl.com,Sweden,Dealfront
Gudrun Sjödén Sverige AB,gudrunsjoden.com,Sweden,Dealfront
Kaiser Verwaltungs GmbH,kaiser-firrel.de,Germany,Dealfront
Stehmann Mode GmbH,stehmann-store.de,Germany,Dealfront
Witt-Gruppe,witt-gruppe.eu,Germany,Dealfront
Blaha Textilveredelung Bayreuth GmbH,blaha-textilveredelung.de,Germany,Dealfront
OLYMP Bezner KG,olymp.com,Germany,Dealfront
Mey GmbH & Co. KG,mey.com,Germany,Dealfront
Matzen Kaufhäuser GmbH,matzen-mo.de,Germany,Dealfront
Boos GmbH,hochzeitshaus-boos.de,Germany,Dealfront
POMPdeLUX DE GmbH,pompdelux.de,Germany,Dealfront
Buffalo - Boots GmbH,buffaloshop.de,Germany,Dealfront
Heikorn Kleidung GmbH,heikorn.de,Germany,Dealfront
H & M Hennes & Mauritz B.V. & Co. KG,startinghouse.de,Germany,Dealfront
Metro Boutiques AG,metroboutique.ch,Switzerland,Dealfront
Petit-Bateau,petit-bateau.fr,France,Dealfront
Gloriette Fashion GmbH,gloriette.at,Austria,Dealfront
Gloriette Fashion GmbH,q1-shop.com,Austria,Dealfront
Schoolblazer Limited,schoolblazer.info,United Kingdom,Dealfront
studioK GmbH,studiok-online.com,Germany,Dealfront
studioK GmbH,bollengut.de,Germany,Dealfront
Bonpoint,bonpoint.com,France,Dealfront
New Bubbleroom Sweden AB,bubbleroom.se,Sweden,Dealfront
New Bubbleroom Sweden AB,bubbleroom.dk,Sweden,Dealfront
New Bubbleroom Sweden AB,bubbleroom.com,Sweden,Dealfront
MESSAGE A/S,message.dk,Denmark,Dealfront
KOMPAGNIET AF 1991 A/S,kompagniet1991.com,Denmark,Dealfront
KOMPAGNIET AF 1991 A/S,kompagniet1991.dk,Denmark,Dealfront
KiK Textilien und Non-Food GmbH,kik.de,Germany,Dealfront
Eitzenhöfer GmbH,eitzenhoefer.de,Germany,Dealfront
CLIVE'S STAPLES COFFEE SHOP & BAKERY,clivesstaples.com,United States,Dealfront
Boozt Fashion AB,boozt.com,Sweden,Dealfront
Boozt Fashion AB,booztgroup.com,Sweden,Dealfront
Boozt Fashion AB,booztlet.com,Sweden,Dealfront
Texstar AB,texstar.se,Sweden,Dealfront
Röhnisch SE Holding AB,rohnisch.com,Sweden,Dealfront
HepCat AB,hepcat.se,Sweden,Dealfront
Ridestore AB,ridestore.de,Sweden,Dealfront
Ridestore AB,ridestore.se,Sweden,Dealfront
Aim Apparel AB,aimn.eu,Sweden,Dealfront
Aim Apparel AB,aimn.com,Sweden,Dealfront
Aim Apparel AB,aimnsportswear.de,Sweden,Dealfront
Kolle GmbH KG,kolle.de,Germany,Dealfront
Hermann Thien Textil- und Bekleidungshaus GmbH,modehaus-thien.de,Germany,Dealfront
Steffen GmbH,mode-steffen.de,Germany,Dealfront
Mohr GmbH,erlebe-mohr.de,Germany,Dealfront
Lacoste,lacoste.com,France,Dealfront
Ludwig Hafner GmbH,modehaus-hafner.de,Germany,Dealfront
Kaufhaus Ahrens GmbH & Co. KG,ahrens-marburg.de,Germany,Dealfront
Gewandhaus Hugo Gruber KG,gewandhaus.bayern,Germany,Dealfront
Dodenhof Posthausen KG,dodenhof.de,Germany,Dealfront
M. Mode Vertrieb GmbH & Co. KG,maiworm-mode.de,Germany,Dealfront
Motion E-Commerce GmbH,motion-fashion.de,Germany,Dealfront
Geox S.p.A.,geox.com,Italy,Dealfront
Beldona AG,beldona.com,Switzerland,Dealfront
MIG Marketing Investment Group GmbH,sizeer.de,Germany,Dealfront
Zalando SE,zalando.de,Germany,Dealfront
Zalando SE,zalando.com,Germany,Dealfront
E & N Collection GmbH Embach & Nehls,e-n-online.de,Germany,Dealfront
Bruno Kleine GmbH & Co. KG,bruno-kleine.de,Germany,Dealfront
Zebra Fashion AG,zebrafashion.com,Switzerland,Dealfront
Textilhaus Kressmann GmbH & Co. KG,kressmann-hildesheim.de,Germany,Dealfront
Raging Bull Group Limited,ragingbull.co.uk,United Kingdom,Dealfront
Frugi Limited,welovefrugi.com,United Kingdom,Dealfront
Frugi Limited,celticandco.com,United Kingdom,Dealfront
"Bonneterie d'Armor, Armor Lux",armorlux.com,France,Dealfront
"Bonneterie d'Armor, Armor Lux",bermudes.com,France,Dealfront
Place des Tendances,placedestendances.com,France,Dealfront
Etam Lingerie,etam.com,France,Dealfront
"Du Pareil au Meme, du Pareil au Meme",dpam.com,France,Dealfront
Maje,maje.com,France,Dealfront
Rouje,rouje.com,France,Dealfront
Project X Paris Retail,projectxparis.com,France,Dealfront
D'Store,dstore.be,Belgium,Dealfront
Miss Mary of Sweden AB,missmary.se,Sweden,Dealfront
Miss Mary of Sweden AB,missmary.com,Sweden,Dealfront
Dowell Research Scandinavia,dowellresearch.se,Finland,Dealfront
Ohlssons Tyger & Stuvar Aktiebolag,ohlssonstyger.se,Sweden,Dealfront
Woolpower Östersund AB,woolpower.se,Sweden,Dealfront
Difuzed B.V.,difuzed.com,Netherlands,Dealfront
Stronger AB,strongerlabel.com,Sweden,Dealfront
Acne Studios AB,acnestudios.com,Sweden,Dealfront
G-Star Raw C.V.,g-star.com,Netherlands,Dealfront
ADLER Real Estate GmbH,adler-group.com,Germany,Dealfront
Kings & Queens,kingsqueens.dk,Denmark,Dealfront
Bültel Worldwide Fashion GmbH,bueltel.com,Germany,Dealfront
Bültel Worldwide Fashion GmbH,camelactive.com,Germany,Dealfront
Marc Aurel Textil GmbH,marc-aurel.com,Germany,Dealfront
Mainetti - Americas,mainetti.com,United States,Dealfront
Van Dijk Store,vandijkstore.nl,Netherlands,Dealfront
PPY Production AB,pellepetterson.com,Sweden,Dealfront
Wittstock Management GmbH,schuhhauswittstock.de,Germany,Dealfront
NEW Yorker SE,newyorker.de,Germany,Dealfront
Speidel GmbH,speidelshop.com,Germany,Dealfront
Ludwig Beck am Rathauseck -Textilhaus Feldmeier AG,ludwigbeck.de,Germany,Dealfront
Trademark Textiles A/S,trademarktex.com,Denmark,Dealfront
Zimmerli Textil AG,zimmerli.com,Switzerland,Dealfront
J.W. Holding AG,chicoree.ch,Switzerland,Dealfront
Adanola Limited,adanola.com,United Kingdom,Dealfront
Seasalt Limited,seasaltcornwall.com,United Kingdom,Dealfront
Self-Portrait LTD.,self-portrait.com,United Kingdom,Dealfront
Smiffy's LTD.,smiffys.com,United Kingdom,Dealfront
David Nieper Limited,davidnieper.co.uk,United Kingdom,Dealfront
David Nieper Limited,davidnieper.academy,United Kingdom,Dealfront
Vogacloset Limited,vogacloset.com,United Kingdom,Dealfront
Rip Curl Europe,ripcurl.com,France,Dealfront
Textiss,textiss.com,France,Dealfront
Pierre Balmain,balmain.com,France,Dealfront
Dormeuil,tailorfabric.com,France,Dealfront
Dormeuil,dormeuil.com,France,Dealfront
Lilly A/S,lilly.dk,Denmark,Dealfront
New Wave Group AB,nwg.se,Sweden,Dealfront
Humswear AB,humswear.com,Sweden,Dealfront
NK Retail AB,nk.se,Sweden,Dealfront
Marja Textiel B.V.,jolamode.nl,Netherlands,Dealfront
Herenmodehuis Schulte B.V.,schulteherenmode.nl,Netherlands,Dealfront
Höhn Handelsgesellschaft mbH,hoehn-hg.de,Germany,Dealfront
MGE-RB (Roermond) Management Co B.V.,mcarthurglen.com,Netherlands,Dealfront
BASIC CPH - Model Agency,basiccph.com,Denmark,Dealfront
BASIC CPH - Model Agency,fashionmodeldirectory.com,Denmark,Dealfront
Ströms Man & Woman,stroms.com,Sweden,Dealfront
HVEG Brands Group B.V.,bamboobasics.com,Netherlands,Dealfront
HVEG Brands Group B.V.,hvegfashiongroup.com,Netherlands,Dealfront
Fashion Cloud GmbH,fashion.cloud,Germany,Dealfront
Monnet,monnet-sports.com,France,Dealfront
Loro Piana GmbH,loropiana.com,Germany,Dealfront
Holtex Edith Pohl e.K.,holtex.de,Germany,Dealfront
Textilhandel August Rohde GmbH & Co. KG,moderohde.de,Germany,Dealfront
NATURANA Dölker GmbH & Co. KG,naturana.com,Germany,Dealfront
p. t. concept stores GmbH,pt-concept-stores.de,Germany,Dealfront
Kufner GmbH,kufner.com,Austria,Dealfront
Claire's,claires.com,United States,Dealfront
SH-Dessous Sandra Hamann,sh-dessous.de,Germany,Dealfront
SH-Dessous Sandra Hamann,eimsbuetteler-nachrichten.de,Germany,Dealfront
Lyle & Scott Limited,lyleandscott.com,United Kingdom,Dealfront
Heinemann & Co. GmbH & Co. KG,modehaus-heinemann.de,Germany,Dealfront
Richard Designs Limited,richard-designs.com,United Kingdom,Dealfront
Suncoo Groupe,suncoo-paris.fr,France,Dealfront
Suncoo Groupe,suncoo-paris.com,France,Dealfront
La Boutique Officielle.com,laboutiqueofficielle.com,France,Dealfront
Picture Organic Clothing,picture-organic-clothing.com,France,Dealfront
Kiplay,kiplay.com,France,Dealfront
Kiplay,kiplayvintage.com,France,Dealfront
Allande,allande.fr,France,Dealfront
GEMO,gemo.fr,United States,Dealfront
MOVITEX SHARING,daxon.fr,France,Dealfront
Watts,watts-team.com,France,Dealfront
Rautureau Apple Shoes,no-name.fr,France,Dealfront
Rautureau Apple Shoes,armistice.fr,France,Dealfront
Rautureau Apple Shoes,schmoove.fr,France,Dealfront
Quality Textiles B.V.,quality-textiles.com,Netherlands,Dealfront
JBS Textile Group A/S,jbstextilegroup.dk,Denmark,Dealfront
JBS Textile Group A/S,jbs.dk,Denmark,Dealfront
Kids-World,kids-world.dk,Denmark,Dealfront
Sake Store,sakestore.nl,Netherlands,Dealfront
Studio Anneloes B.V.,studioanneloes.nl,Netherlands,Dealfront
Hans Boodt Mannequins B.V.,hansboodt-schaufensterpuppen.de,Netherlands,Dealfront
Hans Boodt Mannequins B.V.,hansboodtmannequins.com,Netherlands,Dealfront
North Sails N.V.,northsails.com,Netherlands,Dealfront
Express Wear B.V.,expresswear.nl,Netherlands,Dealfront
https://joop.com Dr. Marcel Braun,joop.com,Switzerland,Dealfront
SPORT 1 XHIBITION AS,xhibition.no,Norway,Dealfront
RBK SHOP AS,rbk-shop.no,Norway,Dealfront
RBK SHOP AS,rbk.no,Norway,Dealfront
BRANDO AS,brando.no,Norway,Dealfront
Hunkemöller International B.V.,hunkemoller.nl,Netherlands,Dealfront
Hunkemöller International B.V.,hunkemoller.com,Netherlands,Dealfront
Hunkemöller International B.V.,hunkemoller.be,Netherlands,Dealfront
Hunkemöller International B.V.,hunkemoller.dk,Netherlands,Dealfront
Hunkemöller International B.V.,hunkemoller.fr,Netherlands,Dealfront
alsico group,alsico.com,Belgium,Dealfront
Modehuis Penninkhof B.V.,penninkhofmode.nl,Netherlands,Dealfront
WE Netherlands B.V.,wefashion.com,Netherlands,Dealfront
Fabienne Chapot B.V.,fabiennechapot.com,Netherlands,Dealfront
Jd Sports Fashion Plc,jdsports.co.uk,United Kingdom,Dealfront
Jd Sports Fashion Plc,jdsports.de,United Kingdom,Dealfront
Jd Sports Fashion Plc,jdplc.com,United Kingdom,Dealfront
Erwin Johannsen Kaufhaus GmbH,modehaus-johannsen.de,Germany,Dealfront
Sunspel Limited,sunspel.com,United Kingdom,Dealfront
Sunspel Limited,sunspel.de,United Kingdom,Dealfront
Ehlers Handels GmbH & Co. KG,satinee.eu,Germany,Dealfront
Burkhardt GmbH,crispbln.com,Germany,Dealfront
Burkhardt GmbH,bodycheck-shop.de,Germany,Dealfront
Prada Group,pradagroup.com,Italy,Dealfront
"Beatrice Kietzmann Einzelhandel, -Sie Dessous & mehr",sie-dessousundmehr.de,Germany,Dealfront
Mou Limited,moukimou.com,United Kingdom,Dealfront
Mou Limited,mou-online.com,United Kingdom,Dealfront
Mou Limited,mou.com,United Kingdom,Dealfront
Johann Konen GmbH & Co. KG Kom.Ges,breuninger.com,Germany,Dealfront
Epicentre LTD.,theepicentre.co.uk,United Kingdom,Dealfront
Epicentre LTD.,epicentrehaverhill.co.uk,United Kingdom,Dealfront
"Tricotage des Vosges, Bleu Foret Bleu Etc",bleuforet.fr,France,Dealfront
Humeau Beaupreau,meduse.com,France,Dealfront
Sessun,sessun.com,France,Dealfront
Ephigea,graindemalice.fr,France,Dealfront
"La Canadienne, la Canadienne",la-canadienne.com,France,Dealfront
Le Slip Francais,leslipfrancais.fr,France,Dealfront
"Granjard Sas, Granjard Collectivites-Centex",granjard.fr,France,Dealfront
"Granjard Sas, Granjard Collectivites-Centex",centex.fr,France,Dealfront
"Granjard Sas, Granjard Collectivites-Centex",etoffes-inspire.fr,France,Dealfront
Dentelle Sophie Hallette,sophiehallette.com,France,Dealfront
1083 Boutiques,1083.fr,France,Dealfront
1083 Boutiques,modetic.com,France,Dealfront
"Gd France, Gerard Darel Distribution",gerarddarel.com,France,Dealfront
TAKKO Holding GmbH,takko.com,Germany,Dealfront
Lise Charmel Industrie,lisecharmel.com,France,Dealfront
Tricorp International B.V.,tricorp.com,Netherlands,Dealfront
TIMOTEO,timoteo.net,Belgium,Dealfront
Craft Sportswear,craftsportswear.com,Sweden,Dealfront
Garcia B.V.,wearegarcia.com,Netherlands,Dealfront
Retro AS,retro.no,Norway,Dealfront
Voorwinden Retail B.V.,voorwinden.nl,Netherlands,Dealfront
State of Art Store NL three B.V.,stateofart.com,Netherlands,Dealfront
Ellos AB,ellos.se,Sweden,Dealfront
RICHA,richa.eu,Belgium,Dealfront
Appel & Ei,appelenei.nl,Netherlands,Dealfront
SIOEN,sioen.com,Belgium,Dealfront
Home & Body Fashion GmbH & Co. KG,home-body-fashion.de,Germany,Dealfront
Home & Body Fashion GmbH & Co. KG,stoeckle-outlet.de,Germany,Dealfront
Lager 157 AB,lager157.com,Sweden,Dealfront
Mini Rodini AB,minirodini.com,Sweden,Dealfront
Nelly Group AB (publ),nellygroup.com,Sweden,Dealfront
MADEMOISELLE COLLARD,wallux.com,Belgium,Dealfront
J.N. Oberpaur GmbH & Co. KG,modehaus-oberpaur.de,Germany,Dealfront
#N/A,calida.com,#N/A,Dealfront
DBA Deutschland,nurdie.de,Germany,Dealfront
adidas AG,adidas-group.com,Germany,Dealfront
McArthurGlen Group Limited,mcarthurglen.com,United Kingdom,Dealfront
Asos Plc,asosplc.com,United Kingdom,Dealfront
Asos Plc,asos.com,United Kingdom,Dealfront
Lounge Underwear Limited,lounge.com,United Kingdom,Dealfront
Holland Cooper Clothing Limited,hollandcooper.com,United Kingdom,Dealfront
Wacoal Europe LTD.,wacoal-europe.com,United Kingdom,Dealfront
Wacoal Europe LTD.,wacoallingerie.com,United Kingdom,Dealfront
V2d Lingerie,v2dlingerie.com,France,Dealfront
Sun Valley,sun-valley.com,France,Dealfront
1979 Retail,dorcelstore.com,France,Dealfront
Creation Mediterranee,paindesucre.com,France,Dealfront
Valege Distribution,valege.com,France,Dealfront
Rougegorge Lingerie,rougegorge.com,France,Dealfront
La Maison Lejaby,maisonlejaby.com,France,Dealfront
Empreinte SA,empreinte.eu,France,Dealfront
Sourcing Project,achile.com,France,Dealfront
Printemps,printemps.com,France,Dealfront
Printemps,groupe-printemps.com,France,Dealfront
Bb Distribe,couches-fixies.fr,France,Dealfront
"Main Gauche, Main Gauche",main-gauche.com,France,Dealfront
Simone Perele SA,simone-perele.com,France,Dealfront
Fargeot & Cie,fargeot.net,France,Dealfront
Fargeot & Cie,podowell.fr,France,Dealfront
Fargeot & Cie,chaussemouton.fr,France,Dealfront
"Hugotag Ennoblissement, Decreusage Soie Teinturerie Soie ...",hugotag.fr,France,Dealfront
Kekäle Oy,kekale.fi,Finland,Dealfront
Mermaid Stores B.V.,dameskledingonline.nu,Netherlands,Dealfront
FASHION SHOPPING ApS,fashionshopping.dk,Denmark,Dealfront
Dim France Sas,dim.fr,France,Dealfront
"Werbegemeinschaft Weserpark GbR Monika Mehrtens, Tanja Imhoff, Gerd Buttgereit, Christian Hahn",weserpark.de,Germany,Dealfront
Norah,werkenbijnorah.eu,Netherlands,Dealfront
Norah,norah.eu,Netherlands,Dealfront
Stottrop Textilvertriebs GmbH,stottrop.com,Germany,Dealfront
Heinrich Schulte GmbH,modehaus-schulte.de,Germany,Dealfront
Michael Kors (Germany) GmbH,michaelkors.de,Germany,Dealfront
ZOLLNER GmbH & Co. KG,zollner-textil.de,Germany,Dealfront
ZOLLNER GmbH & Co. KG,zollner24.de,Germany,Dealfront
Canterbury Of New Zealand Limited,canterbury.com,United Kingdom,Dealfront
Smart Textile Alliance,smarttextilealliance.com,United Kingdom,Dealfront
Jigsaw Clothing Limited,jigsaw-online.com,United Kingdom,Dealfront
Prettylittlething.Com Limited,prettylittlething.com,United Kingdom,Dealfront
Teddy Smith,teddy-smith.com,France,Dealfront
Undiz,undiz.com,France,Dealfront
Eminence,eminence.fr,France,Dealfront
Balibaris,balibaris.com,France,Dealfront
Districenter,districenter.fr,France,Dealfront
Imprim Luxe,imprim-luxe.fr,France,Dealfront
CHASIN',chasin.com,Netherlands,Dealfront
ARKIVET Second Hand,arkivet.com,Sweden,Dealfront
FASHION CLUB 70,fashionclub70.be,Belgium,Dealfront
Stella Mccartney LTD.,stellamccartney.com,United Kingdom,Dealfront
L-SHOP-TEAM GmbH,l-shop-team.de,Germany,Dealfront
L-SHOP-TEAM GmbH,l-shop-team.eu,Germany,Dealfront
From Future,fromfuture.com,France,Dealfront
KSO-Textil GmbH Kettwirkerei und Schärerei Olbersdorf,kso-textil.de,Germany,Dealfront
Loavies Fashion Group B.V.,loavies.com,Netherlands,Dealfront
Goldner GmbH,ateliergs.de,Germany,Dealfront
Goldner GmbH,goldner-fashion.com,Germany,Dealfront
Schuhmoden Sabrina Sabrina Boutique,sabrina-schuhe.de,Germany,Dealfront
Gina Laura Österreich GmbH,gina-laura.com,Austria,Dealfront
E.M.P. Merchandising Handelsgesellschaft mbH,emp.de,Germany,Dealfront
E.M.P. Merchandising Handelsgesellschaft mbH,knossi-shop.de,Germany,Dealfront
Monsoon Brands LTD.,monsoon.co.uk,United Kingdom,Dealfront
Monsoon Brands LTD.,monsoonlondon.com,United Kingdom,Dealfront
Kappa Europe,kappa.fr,France,Dealfront
"Indigo Gallery, le Temps des Cerises",letempsdescerises.com,France,Dealfront
Carven,carven.com,France,Dealfront
Pimkie,pimkie.fr,France,Dealfront
VIKING FOOTWEAR AS,vikingfootwear.com,Norway,Dealfront
Tiffany,tiffany.dk,Denmark,Dealfront
MODO AS,modostore.no,Norway,Dealfront
Kritzmann & Söhne GmbH,dieschweriner.de,Germany,Dealfront
Silomon GmbH & Co. KG,silomon.de,Germany,Dealfront
Stormberg AS,stormberg.com,Norway,Dealfront
LTP GROUP A/S,ltpgroup.com,Denmark,Dealfront
Scapino Retail B.V.,scapino.nl,Netherlands,Dealfront
Lutz GmbH,bellycloud.com,Germany,Dealfront
Modehaus Magnus GmbH,modehaus-magnus.de,Germany,Dealfront
Liberty Damenmoden GmbH,liberty-woman.com,Germany,Dealfront
Hugo Peter Steingaß GmbH & Co. KG,modehaus-steingass.de,Germany,Dealfront
Styleboom Textilhandels GmbH & Co. KG,77onlineshop.de,Germany,Dealfront
Other Stories,stories.com,Sweden,Dealfront
INTS It's not the same Holland B.V.,desigual.com,Netherlands,Dealfront
Hagemeyer Retail GmbH & Co. KG,hagemeyer.de,Germany,Dealfront
sheego GmbH,sheego.de,Germany,Dealfront
Codim,paysdemontaigu.fr,France,Dealfront
Borneo,borneo-paris.com,France,Dealfront
"Societe Meltex, Melrose-Hartford",hartford.fr,France,Dealfront
"Top-Tex Group, Top-Tex",toptex.com,France,Dealfront
Sahinler,sahinler.fr,France,Dealfront
Charlott',charlott.fr,France,Dealfront
"Safilin, Siege Administratif & Commercial",safilin.fr,France,Dealfront
K-Way France,k-way.fr,France,Dealfront
Eleven Paris,elevenparis.com,France,Dealfront
E.G. Zimmermann GmbH,zimmermann.com,Germany,Dealfront
MnO International Aktiebolag,mno.se,Sweden,Dealfront
Didriksons,didriksons.com,Sweden,Dealfront
Janus Wool,janus.no,Norway,Dealfront
PPY Production AB,pellepetterson.com,Sweden,Dealfront
Topvintage,topvintage.nl,Netherlands,Dealfront
BITE AB,bitestudios.com,Sweden,Dealfront
Twist & Tango,twisttango.com,Sweden,Dealfront
Engelhorn GmbH & Co. KGaA,engelhorn.de,Germany,Dealfront
SCHÖFFEL GmbH & Co. KG,schoeffel.com,Germany,Dealfront
Omoda Schoenen B.V.,omoda.nl,Netherlands,Dealfront
Mezaldy.com,mezaldy.de,Netherlands,Dealfront
Wagener GmbH & Co. KG,drahtwerk-wagener.de,Germany,Dealfront
Wagener GmbH & Co. KG,wagener.de,Germany,Dealfront
Bottega Veneta,bottegaveneta.com,Italy,Dealfront
Georg und Otto Friedrich Verwaltung KG,g-o-friedrich.com,Germany,Dealfront
#N/A,mandco.com,#N/A,Dealfront
The Oddballs Foundation,theoddballsfoundation.com,United Kingdom,Dealfront
Pantherella International Group Limited,pantherella.com,United Kingdom,Dealfront
Pepe Jeans London,pepejeans.com,Spain,Dealfront
Quba Sails Limited,quba.com,United Kingdom,Dealfront
Kastner & Öhler AG,kastner-oehler.at,Austria,Dealfront
Iris Kendlinger Hochzeitsmode You and Me,youandme-kempten.de,Germany,Dealfront
Marylin Agency,marilynagency.com,France,Dealfront
Princesse Tam Tam,princessetamtam.com,France,Dealfront
Natalys,natalys.com,France,Dealfront
Blackstore,blackstore.fr,France,Dealfront
Promod,promod.fr,France,Dealfront
aim'n,aimn.com,Sweden,Dealfront
Très Chic Bridal Wear,treschicbridalwear.com,Netherlands,Dealfront
SMETS,smets.lu,Luxembourg,Dealfront
Orta,orta-store.com,Belgium,Dealfront
Thernlunds,thernlunds.se,Sweden,Dealfront
Rucksack Atlas For Men,atlasformen.de,Germany,Dealfront
Mayerline Brussels,mayerline.be,Belgium,Dealfront
MALU,malu.be,Belgium,Dealfront
Drogerie-Dienst Ulm GmbH,mueller.de,Germany,Dealfront
BOB,spirit-stores.com,Sweden,Dealfront
Rinsma Modeplein B.V.,rinsmamodeplein.nl,Netherlands,Dealfront
De Bondt B.V.,debondtbv.nl,Netherlands,Dealfront
De Bondt B.V.,debondtbv.com,Netherlands,Dealfront
Shopper Stop,shoppersstop.com,United States,Dealfront
Koonings bridal,koonings.com,Netherlands,Dealfront
United Colors of Benetton,benetton.com,Germany,Dealfront
Snipes SE,snipes.com,Germany,Dealfront
PEPCO Germany GmbH,pepco-stores.de,Germany,Dealfront
PEPCO Germany GmbH,pepco.eu,Germany,Dealfront
Cosmoparis,cosmoparis.com,France,Dealfront
Armand Thiery Sas,armandthiery.fr,France,Dealfront
"Volcom Sas, Volcom",volcom.fr,France,Dealfront
Chantelle,chantelle.com,France,Dealfront
Parfums Christian Dior,dior.com,France,Dealfront
dansk,dansk.dk,Denmark,Dealfront
Koopman Mode Tilligte B.V.,koopmanmode.nl,Netherlands,Dealfront
Sans,sans-online.nl,Netherlands,Dealfront
ONLY Stores Sweden AB,only.se,Sweden,Dealfront
VILLOID,villoid.no,Norway,Dealfront
Gosh Profilhuset AS,gosh.no,Norway,Dealfront
Jeans House Greenfield & Co. B.V.,greenfieldfashion.nl,Netherlands,Dealfront
Chemitex SA,chemitex.com,Belgium,Dealfront
MandM Direct,wordpress.com,United Kingdom,Dealfront
Carin Wester,ahlens.se,Sweden,Dealfront
Oger PC 70 B.V.,oger.nl,Netherlands,Dealfront
#N/A,bbw-shop.de,#N/A,Dealfront
Boggi-Switzerland SA,boggi.com,Switzerland,Dealfront
Creations Fusalp,fusalp.com,France,Dealfront
Escales,escales-paris.com,France,Dealfront
Naf Naf,nafnaf.com,France,Dealfront
Amigo Schoenen,amigo.nl,Netherlands,Dealfront
Gina Tricot AB,ginatricot.com,Sweden,Dealfront
Magasin du Nord,magasin.dk,Denmark,Dealfront
Burberry Limited,burberry.com,United Kingdom,Dealfront
Burberry Limited,burberrycareers.com,United Kingdom,Dealfront
Cecil GmbH,cecil.de,Germany,Dealfront
Volker Streicher e.K.,schuhhaus-streicher.de,Germany,Dealfront
Territoire Redskins,redskins.fr,France,Dealfront
SUAMI,suami.eu,Belgium,Dealfront
WeSC,wesc.com,Sweden,Dealfront
Tiffanys,tiffanys.be,Belgium,Dealfront
Herbawi GmbH,fast-forward-fashion.de,Germany,Dealfront
B. Stammel GmbH & Co. KG,stammel.de,Germany,Dealfront
PKZ Burger-Kehl & Co. AG,pkz.ch,Switzerland,Dealfront
Texeurop Sarl,texeurop.com,France,Dealfront
BLEND,blendcompany.com,Denmark,Dealfront
VILA,vila.com,Denmark,Dealfront
Ecotex,ecotex.nl,Netherlands,Dealfront
Deleye,deleye.be,Belgium,Dealfront
Selected Malts Barkevall Westerberg AB,selectedmalts.se,Sweden,Dealfront
BCBG,bcbg.com,Belgium,Dealfront
Wibra Supermarkt B.V.,wibra.nl,Netherlands,Dealfront
Gerry Weber,gerryweber.com,Germany,Dealfront
Hermes,hermes.com,France,Dealfront
Refined Brands Limited,celticandco.com,United Kingdom,Dealfront
OCEANSAPART,oceansapart.com,Germany,Dealfront
Iro,iroparis.com,France,Dealfront
Viva Model Management,viva-paris.com,France,Dealfront
Sam,samunderwear.com,France,Dealfront
Rodebjer,rodebjer.com,Sweden,Dealfront
Drogerie-Dienst Ulm GmbH,mueller.de,Germany,Dealfront
Traid Limited,traid.org.uk,United Kingdom,Dealfront
Mint Velvet Europe Limited,mintvelvet.com,United Kingdom,Dealfront
T.n.t. Serge Blanco,sergeblanco.com,France,Dealfront
terStal,terstal.nl,Netherlands,Dealfront
Hackyourjeans,hackyourjeans.com,Belgium,Dealfront
Trafic,trafic.com,Belgium,Dealfront
Boo Pala,boopala.com,United Kingdom,Dealfront
Fashion Linq B.V.,hvegfashiongroup.com,Netherlands,Dealfront
Samsøe Samsøe,samsoe.com,Denmark,Dealfront
Wilh. Ranck GmbH & Co. KG,ranck.de,Germany,Dealfront
Wilh. Ranck GmbH & Co. KG,grosse-groessen-lueneburg.de,Germany,Dealfront
Institut Francais de la Mode,ifmparis.fr,France,Dealfront
Institut Francais de la Mode,masteretudes.fr,France,Dealfront
Sandro,sandro-paris.com,France,Dealfront
Terre de Marins Groupe,terredemarins.fr,France,Dealfront
Hellenic Group,hellenic-group.com,Sweden,Dealfront
Metro Mode,metromode.se,Sweden,Dealfront
Johnells,johnells.se,Sweden,Dealfront
EpiTex Nederland,epitex.nl,Netherlands,Dealfront
Mexx,mexx.com,Netherlands,Dealfront
Versace,versace.com,Italy,Dealfront
Dittmann Verwaltungs- und Beteiligungs GmbH,titus.de,Germany,Dealfront
Solida Textil - und Netzwaren - Manufaktur GmbH & Co. KG,solida.de,Germany,Dealfront
E. Breuninger GmbH & Co.,breuninger.com,Germany,Dealfront
E. Breuninger GmbH & Co.,e-breuninger.de,Germany,Dealfront
Blue Banana Limited,bluebanana.com,United Kingdom,Dealfront
Boomerang,theboomerang.fr,France,Dealfront
BRAM,breuninger.com,Luxembourg,Dealfront
"Alexis, Bo Stefan",alexis.se,Sweden,Dealfront
STEVEN,bruidskledij-steven.be,Belgium,Dealfront
Louis Vuitton Malletier,louisvuitton.com,France,Dealfront
DANUTEX GmbH,danutex.at,Austria,Dealfront
Brand Stable LTD.,brand-stable.com,United Kingdom,Dealfront
Coef,coef.nl,Netherlands,Dealfront
Sarl Grain de Sable France,grain-de-sable.fr,France,Dealfront
Columbia Sportswear Europe,columbiasportswear.fr,France,Dealfront
Kaporal,kaporal.com,France,Dealfront
Little Flickers Limited,instagram.com,United Kingdom,Dealfront
Union Industries Textiles,textile.fr,France,Dealfront
"Shantou Ladymate Apparel Co.,Ltd",ladymate.com,United Kingdom,Dealfront
BON'A PARTE,bonaparteshop.com,Denmark,Dealfront
Esprit Europe B.V.,esprit.nl,Netherlands,Dealfront
Crossline,crossline-group.com,France,Dealfront
SVEND E,svende.eu,Denmark,Dealfront
Coats Group Plc,coats.com,United Kingdom,Dealfront
TOAST Limited,toa.st,United Kingdom,Dealfront
Erfo-Eduard Schmidt GmbH & Co. KG,erfo.com,Germany,Dealfront
Boardriders,boardriders.eu,France,Dealfront
Snickers Workwear,snickersworkwear.com,Belgium,Dealfront
Yalo B.V.,suitableshop.nl,Netherlands,Dealfront
Nic. Oud Holding B.V.,kixx-online.nl,Netherlands,Dealfront
Bristol B.V.,bristol.nl,Netherlands,Dealfront
KILLSTAR,killstar.com,United Kingdom,Dealfront
American Clothing Distribution,riverwoods.net,Netherlands,Dealfront
Newplan Solutions Limited,newplansolutions.co.uk,United Kingdom,Dealfront
B-Bax Store Items,b-bax.com,Austria,Dealfront
A.O,aosverige.com,Sweden,Dealfront
Stichting Score,stichtingscore.nl,Netherlands,Dealfront
Stichting Score,score.nl,Netherlands,Dealfront
Von White,instagram.com,Netherlands,Dealfront
Primark Stores Ltd.,primark.com,Ireland,Dealfront
Phoebe Philo Limited,phoebephilo.com,United Kingdom,Dealfront
SHEIN-FR,shein.com,Belgium,Dealfront
mister * lady GmbH,mister-lady.com,Germany,Dealfront